policy,bucket,prompt,input_tokens,generated_tokens,alpha,ttft_ms,decode_time_s,total_time_s,tokens_per_sec,ms_per_token,tbt_mean_ms,tbt_p50_ms,tbt_p90_ms,tbt_p95_ms,tbt_max_ms,energy_prefill_j,energy_decode_j,energy_total_j,energy_per_token_mj,avg_power_w,edp,peak_mem_mb,delay_mean_ms,delay_max_ms,delay_min_ms,delay_std_ms,compute_mean_ms,slack_mean_ms,slo_violations
default,medium,Initialization: Create an initial population of candidate solutions (often rando...,140,128,,238.07482793927193,5.767744570970535,6.005940675735474,21.312231823589467,46.92141152918339,45.414790804461234,47.02284559607506,47.259217500686646,47.531046345829964,59.02553349733353,15.955491882009433,545.311293536339,562.9555587722455,4398.090302908167,94.52755230125523,3381.077689061621,5459.43505859375,0.0,0.0,0.0,0.0,45.318392083400816,34.681607916599184,0
default,medium,Rewrite the documents above (Month 4 and Month 11) and label the months with the...,82,128,,107.46120288968086,4.816227290779352,4.9237521924078465,25.9964342229426,38.4668140031863,37.92253820093598,37.26548328995705,37.41175979375839,37.7810075879097,105.13244569301605,5.724269760832191,551.5670439933631,559.2053954440597,4368.792151906717,114.2403673469388,2753.3887918239857,5451.5400390625,0.0,0.0,0.0,0.0,37.844208252476896,42.155791747523104,1
default,long,You are a partner in a commercial team at a large global law firm based in the U...,662,128,,460.3644460439682,4.956646166741848,5.417222663760185,23.628343884826222,42.32205206062645,39.02819714560284,37.333838641643524,38.27960640192032,38.912226259708405,183.54889005422592,31.27822259184532,551.6593769339229,584.6430474166498,4567.523807942576,108.29364351851854,3167.141566675296,5544.6943359375,0.0,0.0,0.0,0.0,38.94045274323366,41.05954725676634,1
default,short,write some code that removes whitespace in js,8,128,,156.59363940358162,4.726741850376129,4.883404389023781,26.2112227051481,38.15159678924829,37.21789540502969,37.1149480342865,37.40309551358223,37.608661502599716,40.35067930817604,9.494589729726314,565.2068991937432,577.9300845732259,4515.078785728328,118.59924102564102,2822.266311553776,5442.75830078125,0.0,0.0,0.0,0.0,37.14010934895418,42.85989065104582,0
default,short,compile a list of all pokemon mentioned in any prompt above including the gym le...,46,128,,111.86525598168373,4.752245161682367,4.86417043581605,26.314867393935337,38.00133152981289,37.4187441968073,36.973875015974045,37.2964508831501,37.43075802922249,67.71645694971085,5.511761343516409,536.9566574078835,544.4738205334208,4253.701722917351,112.34946391752578,2648.4134609144794,5447.98974609375,0.0,0.0,0.0,0.0,37.33976126655819,42.66023873344181,0
default,medium,Write a story about a mother taking her toddler daughter to the bathroom after a...,94,128,,98.97692129015923,4.752806395292282,4.851850528270006,26.38168658621892,37.90508225210942,37.42317245231839,37.25084289908409,37.41460591554642,37.4911155551672,50.4855141043663,3.485308460839093,550.1803006004841,555.4065921157785,4339.114000904519,115.23697409326425,2694.749767361584,5453.6142578125,0.0,0.0,0.0,0.0,37.34569298470114,42.65430701529886,0
default,long,"Act as the prompt generator and I will give you the main keywords by: Product, F...",408,128,,349.95007887482643,4.902747433632612,5.2528840228915215,24.36756635824993,41.03815642884001,38.60379840562663,37.316687405109406,37.8787137567997,38.38479071855544,110.33578589558601,27.58422373669036,587.4345143322889,617.7330662421398,4826.039580016717,118.23342583732058,3244.880154075126,5500.92333984375,0.0,0.0,0.0,0.0,38.52227685137058,41.47772314862942,1
default,long,"Tables:
CREATE TABLE `crm\_account` (
 `CustomerID` varchar(255) NOT NULL,
 `Cus...",881,128,,593.038085848093,4.76953050494194,5.362789947539568,23.86817332995226,41.896796465152875,37.55485853106957,37.34475374221802,37.69630491733551,38.03961090743541,55.36841228604317,59.25115119896085,571.1186350896637,633.3325049865599,4947.910195207499,118.43367289719627,3396.4291911919768,5620.66796875,0.0,0.0,0.0,0.0,37.47376022259081,42.52623977740919,0
default,medium,Write me a story about Jack and Phil on a construction site. Jack is having a ba...,95,128,,162.1808186173439,5.0113185457885265,5.173557486385107,24.741196040992826,40.41841786238365,39.45847301501927,37.25402057170868,37.49951124191284,37.781739979982376,270.49126476049423,9.611741333968936,547.8655215719323,559.8100402316395,4373.515939309684,108.78424271844662,2896.2094245939466,5453.697265625,0.0,0.0,0.0,0.0,39.37752568346309,40.62247431653691,1
default,short,generate the job descriptions for the developers respectively,8,128,,86.38547733426094,4.765475537627935,4.851931069046259,26.381248657178652,37.9057114769239,37.52291979869519,36.98335215449333,37.24481910467148,37.82504312694073,69.99584287405014,3.4779619580395513,549.9166113881022,555.1435239597968,4337.058780935912,115.15932642487047,2693.518111680364,5442.75830078125,0.0,0.0,0.0,0.0,37.443005105876544,42.556994894123456,0
default,short,Why do IT companies file patents on software?,9,128,,81.15291222929955,4.733612783253193,4.814824365079403,26.584562653696945,37.615815352182835,37.27203235030174,36.97439283132553,37.21364438533783,37.346383929252625,58.40349569916725,4.8016745897382505,562.6865659682304,569.0626030234845,4445.801586120972,118.30384895833333,2739.936486292981,5442.87744140625,0.0,0.0,0.0,0.0,37.19406463499144,42.80593536500856,0
default,medium,5. Explain the impact of the following transactions on a company's income statem...,126,128,,164.9821475148201,5.004885278642178,5.169928357005119,24.75856359335489,40.390065289102495,39.408045784225614,37.334758788347244,38.21133449673653,39.455091208219514,245.87062746286392,8.166796131122856,573.7093103462662,583.5222012214903,4558.767197042893,113.39323300970874,3016.76797503703,5457.2666015625,0.0,0.0,0.0,0.0,39.32425148022456,40.67574851977544,1
default,medium,I want you to act as a cyber security specialist. I will provide some specific i...,81,128,,168.1019775569439,4.75839976221323,4.926581099629402,25.98150673082976,38.488914840854704,37.467211660907026,37.24227100610733,37.468698620796204,37.5056479126215,54.98651787638664,12.2884251081869,560.4386338855569,575.4032354697864,4495.337777107707,117.16616836734694,2834.7707045310563,5451.421875,0.0,0.0,0.0,0.0,37.38861771549765,42.61138228450235,0
default,long,"// store/inventorySlice.ts

import {createSlice, current} from '@reduxjs/toolkit...",699,128,,593.7744230031967,4.725182116031647,5.31912698969245,24.06409928697734,41.55567960697226,37.20565081581356,37.04061731696129,37.44715750217438,37.892195582389824,49.27143454551697,52.71743885223381,567.6671934677996,622.8853855807727,4866.292074849786,117.5758254716981,3313.206465927676,5557.44921875,0.0,0.0,0.0,0.0,37.12508264254397,42.87491735745603,0
default,medium,Create a powershell script that allows me to choose several different .csv files...,84,128,,142.34768971800804,4.715526983141899,4.857937622815371,26.348629796901108,37.95263767824508,37.12962582472741,36.977045238018036,37.17605769634247,37.26133778691292,53.49554494023323,7.358982379671186,538.7377905268315,548.1823083932306,4282.6742843221145,113.17421134020618,2663.035460105253,5451.77734375,0.0,0.0,0.0,0.0,37.051791662540964,42.948208337459036,0
default,long,"please implement and modify this code with the code you have provided

php
 $jso...",802,128,,584.9919840693474,4.744271777570248,5.3294596411287785,24.01744428500628,41.63640344631858,37.355915474610065,37.22161427140236,37.39628568291664,37.48965375125408,51.89422518014908,46.40352326683328,549.1401953512207,598.2128833332397,4673.538151040935,112.93021226415095,3188.1514185277792,5592.9580078125,0.0,0.0,0.0,0.0,37.27751806026369,42.72248193973631,0
default,short,can you write me a rap song about rainbows and unicorns in the style of Joyner L...,20,128,,89.26499262452126,4.734534688293934,4.823858346790075,26.53477585741601,37.68639333429746,37.27929470107311,36.9776226580143,37.34044507145882,37.76163458824158,66.83843210339546,4.893876943320036,535.4144176221006,541.887850955356,4233.498835588719,112.69295833333335,2613.9902328551307,5444.18212890625,0.0,0.0,0.0,0.0,37.198244410706316,42.801755589293684,0
default,medium,"we currently named our business ""muscles and meows"" because we jokingly admit to...",143,128,,169.65467110276222,4.814615435898304,4.984328385442495,25.680490951166835,38.940065511269495,37.909841062281075,37.25028783082962,37.497423589229584,38.063458725810044,66.72114878892899,8.65721081980504,577.8371438531615,588.2481525456105,4595.6886917625825,118.32701507537689,2932.021964417194,5459.89990234375,0.0,0.0,0.0,0.0,37.83085009479147,42.16914990520853,0
default,long,"Web search results:

[1] ""Writing a summary is a great way to process the inform...",364,128,,330.6404799222946,4.8425762094557285,5.173345487564802,24.742209911878934,40.41676162160002,38.12997620992773,37.241291254758835,37.62313574552536,38.075267523527145,88.21770921349525,25.367819680277258,540.7806910213102,567.9908179767112,4437.428265443056,110.38337378640774,2938.41273515806,5494.111328125,0.0,0.0,0.0,0.0,38.047459035173176,41.952540964826824,0
default,short,Write a business proposal for the need of an IT intern for a semi-conductor manu...,18,128,,86.97643503546715,4.963411286473274,5.050450574606657,25.34427336910806,39.45664511411451,39.08147076218147,37.057917565107346,37.273819744586945,37.37478442490101,233.96314308047295,3.20897645336017,564.0098643371052,568.8197444598377,4443.904253592482,113.2626815920398,2872.796005254799,5443.94482421875,0.0,0.0,0.0,0.0,39.003682242134424,40.996317757865576,1
default,medium,"async get\_file\_type(file\_name: string): Promise {
 const file\_type\_extensio...",201,128,,151.38250589370728,4.816745486110449,4.968203712254763,25.763838886934177,38.81409150199033,37.92661935912343,37.28007525205612,37.458386272192,37.66672499477863,71.17622345685959,12.205247228369117,540.6815379196909,555.528159891488,4340.06374915225,111.98488383838385,2759.9770662349483,5469.7578125,0.0,0.0,0.0,0.0,37.8472297269059,42.1527702730941,0
default,short,"now a similar, more gracile, closely-related one",11,128,,98.32397475838661,4.734806407243013,4.833189785480499,26.48354517021613,37.7592951990664,37.28120706564798,37.08986192941666,37.33498528599739,37.48922422528267,51.048919558525085,3.2152346170898527,566.2019074028227,570.9809826009125,4460.788926569629,118.41755958549223,2759.659452810349,5443.11474609375,0.0,0.0,0.0,0.0,37.20299307051606,42.79700692948394,0
default,long,covert this into instagram text video reel which will have a bacground song'How ...,368,128,,382.1118399500847,4.828024942427874,5.210307609289885,24.566687727184917,40.70552819757722,38.015441690373606,37.18971833586693,37.305305153131485,37.407542020082474,103.57903689146042,32.38994842139632,543.1750904796851,577.3913209519145,4510.869694936832,111.15255769230771,3008.386393093698,5494.73046875,0.0,0.0,0.0,0.0,37.936806092112086,42.063193907887914,1
default,medium,"Now I get this:
UDP server listening on 0.0.0.0:50055
Received 8 bytes from 10.1...",171,128,,135.98547503352165,4.865455444902182,5.0015106536448,25.592267789477024,39.0743019816,38.31016597902681,37.28184103965759,37.8263846039772,42.7149102091789,68.6662383377552,9.872702465431765,576.4609308817573,592.419831569789,4628.279934138977,119.20174371859295,2962.994099026758,5465.31396484375,0.0,0.0,0.0,0.0,38.22724529960024,41.77275470039976,0
default,long,Below is some data from a file. What file format do you think this data is from?...,972,128,,606.55876994133,4.776700437068939,5.383489541709423,23.77639986263558,42.05851204460487,37.61131345756411,37.15870901942253,37.25892752408981,37.30405457317829,95.13935446739197,46.54457510031201,551.8041249765828,600.3315783344153,4690.09045573762,111.74444651162791,3231.8787735212363,5651.646484375,0.0,0.0,0.0,0.0,37.53372179124299,42.46627820875701,0
default,medium,Please write a program which asks for tomorrow's weather forecast and then sugge...,253,128,,246.18353694677353,4.83003992959857,5.076360542327166,25.2149150819222,39.65906673693098,38.031295704560016,37.236396223306656,37.470367550849915,37.798427045345306,79.02514562010765,14.623827132523058,539.7553730350062,556.5498549878374,4348.0457420924795,110.2964207920792,2825.2477236981636,5478.6240234375,0.0,0.0,0.0,0.0,37.95274699062813,42.04725300937187,0
default,short,"the last response got cut, could you generate again the javascript file?",14,128,,86.23690158128738,4.780575904995203,4.866875804960728,26.300239646454852,38.022467226255685,37.641810561258964,37.30946034193039,37.72801458835602,38.13075013458729,51.26303806900978,3.4732106074392797,568.7673531832211,574.3603687338177,4487.190380732951,118.52115463917525,2795.3405819189393,5443.47021484375,0.0,0.0,0.0,0.0,37.55956187140285,42.44043812859715,0
default,long,"You are AdventBot, a chatbot that solves small coding puzzles from Advent of Cod...",420,128,,407.8978970646858,4.834754001349211,5.2428410686552525,24.414243789547296,40.95969584886916,38.068422563667376,37.40309178829193,37.57609724998474,38.14149126410484,78.95594462752342,33.93068899620883,543.4765082622544,579.6188264050652,4528.272081289571,110.98865071770334,3038.8493872422355,5502.78076171875,0.0,0.0,0.0,0.0,37.98969095851493,42.01030904148507,0
default,medium,"having this documentation site structure, how would you organize this better for...",211,128,,197.058767080307,4.867330577224493,5.064484536647797,25.27404300946365,39.56628544256091,38.32493047779939,37.43566572666168,38.14021572470665,38.576581329107285,74.41504672169685,16.382451782248914,573.6319259313234,593.4349488033876,4636.2105375264655,117.61728712871289,3005.442121721133,5471.234375,0.0,0.0,0.0,0.0,38.242475400994145,41.757524599005855,0
default,long,Please make the following this to a dialogue for me as a chairman and Dr.Hasan a...,445,128,,393.32685992121696,4.881137192249298,5.274655997753143,24.266985383411626,41.20824998244643,38.43364659256822,37.38776594400406,38.082463294267654,38.73865231871605,85.60198917984962,30.679503194019198,554.5251287927981,587.650568020409,4591.020062659445,111.67623333333334,3099.6545931918918,5506.65087890625,0.0,0.0,0.0,0.0,38.35056945094912,41.64943054905088,0
default,short,I have significant teeth overbite which makes it difficult for me to quickly and...,29,128,,75.21097734570503,5.096348062157631,5.171618189662695,24.750473701993933,40.403267106739804,40.12821485677103,37.23178431391716,37.40503564476967,37.4775156378746,371.76963314414024,1.652208976507187,545.9692915028893,549.2699149228893,4291.171210335072,106.76884466019418,2840.614283049695,5445.40478515625,0.0,0.0,0.0,0.0,40.05033153248584,39.94966846751416,1
default,medium,You are a professional developer that builds very robust SAAS. You are also an e...,201,128,,153.27531471848488,4.828233931213617,4.981621321290731,25.694445993505457,38.91891657258384,38.017079146124246,37.37429901957512,38.08288052678108,38.40371444821358,65.4119960963726,10.4883677433189,549.9291596077829,563.0842937997188,4399.096045310303,113.3022864321608,2805.072723676614,5469.7578125,0.0,0.0,0.0,0.0,37.93528761098704,42.06471238901296,0
default,medium,"cs3492 Based on the syllabus outlined below, Write multiple choice questions and...",129,128,,207.62360468506813,4.780112132430077,4.987843379378319,25.66239359663972,38.967526401393116,37.63817054197544,37.25283965468407,37.83513307571411,38.19359801709652,53.96467447280884,15.25849478314258,539.1806123889871,557.1281097758244,4352.563357623629,112.04770351758793,2778.867753810903,5457.73291015625,0.0,0.0,0.0,0.0,37.55551858211127,42.44448141788873,0
default,medium,"hi could you pleasse help me, i need to send an email this is the information , ...",151,128,,147.06195518374443,4.813146393746138,4.960275202989578,25.805019834958728,38.75215002335608,37.89828436111841,37.31244429945946,37.500084936618805,38.8793997466564,58.973025530576706,7.659099346552044,552.9992200026921,563.8957112183905,4405.435243893676,114.04358080808082,2797.0779134287545,5463.07275390625,0.0,0.0,0.0,0.0,37.820163644908924,42.179836355091076,0
default,long,I am a product designer. My company is a one-to-one online tutoring platform. We...,964,128,,811.4475570619106,4.767856914550066,5.579523455351591,22.941027316092562,43.590026994934306,37.54167654734897,37.333887070417404,37.49660849571228,37.55902387201786,63.21760639548302,70.16991532798112,583.9033287335319,658.6571900756901,5145.7592974663285,118.63746396396397,3674.993241063284,5649.208984375,0.0,0.0,0.0,0.0,37.464017444473555,42.535982555526445,0
default,short,I wrote a script to run on a website. I run it in the chrome console. What's the...,29,128,,77.26972177624702,4.781737167388201,4.85906433686614,26.34252010800782,37.96144013176672,37.65095761559141,37.02410310506821,37.243230640888214,37.39334046840668,71.29896432161331,4.9350424891300495,536.0804125315138,543.0883834423553,4242.877995643401,111.76389175257732,2638.9013957510324,5445.40478515625,0.0,0.0,0.0,0.0,37.572968457862146,42.427031542137854,0
default,medium,"Okay so the browser console says it has posted successfully...

Token being sent...",195,128,,187.2071549296379,5.2843737080693245,5.471722047775984,23.393001121470782,42.74782849824987,41.608740612277835,37.87212446331978,46.89422249794006,47.1578475087881,71.9769299030304,13.463711127417161,562.3313160755728,579.6899017541781,4528.8273574545165,106.42116513761468,3171.90201630143,5468.962890625,0.0,0.0,0.0,0.0,41.51842719691945,38.48157280308055,0
default,long,where in this code should the exploration/exploitation 'recommend\_items' functi...,908,128,,609.594002366066,4.744641944766045,5.35441181063652,23.90552025634794,41.831342270597816,37.35886822183301,36.83948144316673,37.10248023271561,37.62599378824234,95.89048102498055,59.87203599281051,581.6846252716389,644.6994512807428,5036.714463130803,121.11102816901408,3451.986356248493,5630.1455078125,0.0,0.0,0.0,0.0,37.279360289648764,42.720639710351236,0
default,medium,I am a digital marketing agency and looking to create an shared mailbox for my b...,75,128,,162.18337789177895,4.743161458522081,4.905428908765316,26.09353888938883,38.32366334972903,37.34724179614248,36.995697766542435,37.20574155449867,37.30490542948246,59.59548056125641,9.11995357911475,557.9368392855954,568.9073437831029,4444.588623305492,116.22066326530613,2790.734530602521,5450.7099609375,0.0,0.0,0.0,0.0,37.270478112256434,42.729521887743566,0
default,long,Please summarize this data with the highest quality data: The consumer electroni...,286,128,,217.3011377453804,4.856022745370865,5.073437962681055,25.229440261522086,39.63623408344574,38.23588850108657,36.96998953819275,37.197717279195786,37.64950484037399,87.9894606769085,12.766614207811653,572.0863634380792,587.1166197921391,4586.848592126086,116.33470297029703,2978.6997473744177,5482.60498046875,0.0,0.0,0.0,0.0,38.15789374075537,41.84210625924463,0
default,short,Give me a pitch deck for a presentation to venture capitalists and angel investo...,18,128,,77.4480290710926,4.766345590353012,4.843850787729025,26.42525660044353,37.84258427913301,37.52977562349612,36.842767149209976,37.146202474832535,37.69201301038265,78.5604789853096,3.233782917300239,546.7589638225436,551.5193879729975,4308.745218539043,114.41542487046632,2671.477621880834,5443.94482421875,0.0,0.0,0.0,0.0,37.449170695984456,42.550829304015544,0
default,long,You made a mistake. Xiao (Chinese: 魈 Xiāo) is a playable Anemo character in Gens...,818,128,,620.3074045479298,4.720649417489767,5.341167509555817,23.964797915623652,41.72787116840482,37.16995792947416,37.01753914356232,37.14870065450668,37.23318688571453,54.670512676239014,46.656413890680305,562.6143580226246,611.2880612045899,4775.687978160859,114.82400469483568,3264.991931485323,5599.2216796875,0.0,0.0,0.0,0.0,37.09290936354577,42.90709063645423,0
default,long,Write a 500-800 word linkedin article about putting the human in the center of c...,367,128,,361.9334399700165,4.774267930537462,5.136321749538183,24.92055720837752,40.127513668267056,37.592175379982145,36.95935755968094,37.700071930885315,38.006532564759254,83.90851318836212,28.182071736341342,544.4934269775786,574.9113511973079,4491.494931228968,112.26000487804878,2952.9296772111175,5494.576171875,0.0,0.0,0.0,0.0,37.510704161144616,42.489295838855384,0
default,short,can please write another email when the cart is about to close?Share Prompt,15,128,,86.10319346189499,4.710542548447847,4.796703968197107,26.684990536972865,37.4742497515399,37.09038819267055,36.84693947434425,36.97129189968109,37.06255480647087,64.39913436770439,4.482460863292217,534.8461157194283,541.7896847286579,4232.73191194264,113.56910471204189,2598.804730666213,5443.58935546875,0.0,0.0,0.0,0.0,37.01383673299954,42.98616326700046,0
default,medium,"When I ask you anything, you'll answer me in this format:

A: [Answer as you nor...",177,128,,148.41410517692566,4.821790955960751,4.9702943079173565,25.753002150416787,38.83042428060435,37.966353862773715,36.88432276248932,37.10259571671486,37.88535967469215,74.24474135041237,9.721405013516545,569.15553159374,582.4026595936343,4550.020778075268,117.7723686868687,2894.7126238941705,5465.99658203125,0.0,0.0,0.0,0.0,37.88892502390494,42.11107497609506,0
default,medium,E0129 00:14:33.428052 22066 memcache.go:238] couldn't get current server API gro...,84,128,,126.34075433015823,4.7346299439668655,4.861026156693697,26.331888756398136,37.97676684916951,37.280051873659524,36.903899163007736,37.06727474927902,37.17806935310364,65.5282512307167,7.901363651264458,571.4323953436538,581.1999085379057,4540.624285452388,120.00827835051547,2825.2279576707438,5451.77734375,0.0,0.0,0.0,0.0,37.20333213059921,42.79666786940079,0
default,short,list me all the msal libraries,7,128,,81.10865205526352,4.750603821128607,4.8317772671580315,26.49128735093524,37.74825989967212,37.40583506860133,36.76290437579155,37.46881112456322,38.022756576538086,63.92088159918785,4.917888650814071,542.0041002297625,548.4777010736037,4284.982039637529,113.46527461139895,2650.122087590537,5442.64013671875,0.0,0.0,0.0,0.0,37.32484851883152,42.67515148116848,0
default,medium,"I want you to act as an English editor, spelling corrector and improver. I will ...",175,128,,163.00368681550026,4.955759312957525,5.118857592344284,25.00557940729502,39.99107494018972,39.02122419415496,37.06606104969978,37.62705400586128,37.97186128795147,210.4201801121235,14.919710842939093,553.252985477036,572.3506271556391,4471.489274653431,112.33454901960783,2929.781353298656,5465.76904296875,0.0,0.0,0.0,0.0,38.940213473997716,41.059786526002284,1
default,long,"Good evening, here is some code:
export class Body extends React.Component{
 ren...",342,128,,251.44142657518387,4.7752866223454475,5.026801984757185,25.463505502730264,39.27189050591551,37.6001897407329,36.8848517537117,37.08106651902199,37.1793057769537,72.3898708820343,18.76134973090887,558.1638826453462,579.8712137036994,4530.243857060152,116.069535,2914.8977679493137,5490.7060546875,0.0,0.0,0.0,0.0,37.5234922320824,42.4765077679176,0
default,long,"I have a model.pth now and template with index.html, style.css, main.js and have...",280,128,,259.9306255578995,4.769987937062979,5.030037142336369,25.447128197655044,39.29716517450288,37.55845240955278,37.04540804028511,37.21740543842316,37.39352263510227,85.6102705001831,20.811178108908233,540.1597895538417,563.3945380740297,4401.519828703357,112.71788000000001,2833.8954523018106,5481.88134765625,0.0,0.0,0.0,0.0,37.48101873073991,42.51898126926009,0
default,short,You can only get answer from the choices I give. But try to explain your choice....,56,128,,128.3036470413208,4.7121485359966755,4.84053860604763,26.44333831778151,37.81670785974711,37.103033118595285,36.76360473036766,37.31000944972038,37.781933322548866,62.02668324112892,8.234542902156711,570.9541886630635,583.4255204621459,4558.011878610515,121.00873056994817,2824.093755550449,5448.68017578125,0.0,0.0,0.0,0.0,37.02277924836151,42.97722075163849,0
default,long,I writing this piece of content that could start on Twitter and graduate to long...,327,128,,267.42447167634964,4.774933077394962,5.042456459254026,25.384453199410697,39.39419108792208,37.59740694887995,37.05624118447304,37.32444494962692,37.49383948743343,65.60754776000977,25.112431002501395,551.4474685296157,579.5583397899121,4527.799529608688,115.4572537313433,2922.3976939881823,5489.2685546875,0.0,0.0,0.0,0.0,37.520247738896394,42.479752261103606,0
default,short,"I want to improve my English listening ability.
Can you give me 20 TV shows from...",45,128,,86.09537407755852,4.745665427297354,4.831818364560604,26.49106202725401,37.74858097312972,37.36695116312485,36.92606836557388,37.44968920946121,37.984006479382515,52.70879715681076,4.0209543352145705,549.6366939212157,556.4379587234799,4347.171552527187,115.4520518134715,2688.607147698726,5447.94384765625,0.0,0.0,0.0,0.0,37.285925043145504,42.714074956854496,0
default,short,Let's update the outline so that we consider the following principals as themati...,62,128,,413.4379141032696,4.7134866043925285,5.1269913874566555,24.965908917490285,40.05462021450512,37.113562431626434,36.85189411044121,37.02060431241989,37.122876197099686,49.69973862171173,25.66151645794697,573.9628810352124,601.319736565752,4697.810441919937,117.99260784313725,3082.9611104803153,5449.16552734375,0.0,0.0,0.0,0.0,37.036144885960525,42.963855114039475,0
default,short,"Suggest a study plan which I can follow
and some online lecture materials which ...",24,128,,100.94425827264786,4.68794808536768,4.788950111716986,26.728196580462615,37.41367274778895,36.91246844534799,36.772966384887695,36.99270859360695,37.07083873450756,50.33949390053749,4.64160677029565,543.9581581583936,550.1237011994998,4297.841415621092,115.32881151832461,2634.5149603175064,5444.65673828125,0.0,0.0,0.0,0.0,36.83548705197695,43.16451294802305,0
default,short,Write a report on Marshall AI,6,128,,79.2563445866108,4.710280705243349,4.789611868560314,26.724503678515163,37.418842723127455,37.08832617115787,36.706190556287766,37.00036555528641,37.07736171782017,54.52392250299454,3.194668983455747,544.242870635476,549.0364458433055,4289.347233150825,115.07195811518322,2629.6714772832684,5442.52099609375,0.0,0.0,0.0,0.0,37.01150619725543,42.98849380274457,0
default,long,rewrite my generateScreenshot function so the logic is similar to this rest endp...,510,128,,405.26118874549866,4.842302173376083,5.247785862535238,24.391239153604182,40.99832705105655,38.12784813051149,37.073321640491486,37.43888363242149,37.969084084033966,108.11208188533783,41.54225110469013,572.1331773348916,616.8181308647506,4818.891647380864,117.76558851674642,3236.929466907449,5518.47265625,0.0,0.0,0.0,0.0,38.046110245421175,41.953889754578825,1
default,short,can you show it in code?,7,128,,92.16350317001343,4.724774062633514,4.816995233297348,26.57258182760977,37.63277526013553,37.20219902635559,36.83849796652794,37.2198224067688,38.077179342508316,53.66991087794304,3.190344452399761,566.3075968003403,571.1200992560221,4461.875775437672,119.045,2751.0827957565666,5442.64013671875,0.0,0.0,0.0,0.0,37.122546365176596,42.877453634823404,0
default,short,Which party has the higher conditional probability of retweeting a MoC? Why did ...,48,128,,95.93570604920387,4.839782267808914,4.935800466686487,25.9329770042202,38.56094114598818,38.10799335987549,37.02183440327644,37.99493610858917,40.16385190188882,115.09323865175247,3.3201985361985864,545.557637260111,550.465802083306,4300.514078775828,111.86935532994923,2716.9893628177333,5448.08251953125,0.0,0.0,0.0,0.0,38.024648906677726,41.975351093322274,1
default,long,"Web search results:

[1] ""The World Economic Forums Annual Meeting 2023 was held...",416,128,,347.9182794690132,4.7554126009345055,5.103513982146978,25.080758169325552,39.87120298552327,37.44369944718879,36.89773008227348,37.05061674118042,37.45420165359974,70.87459042668343,33.63890600103326,547.4405140862427,583.7773474844787,4560.76052722249,114.81691625615765,2979.3158553477124,5502.16162109375,0.0,0.0,0.0,0.0,37.3657263932735,42.6342736067265,0
static,medium,Initialization: Create an initial population of candidate solutions (often rando...,140,128,,188.54758515954018,5.4312544874846935,5.619872521609068,22.776317346670233,43.90525407507084,42.764417651131396,42.7762046456337,43.49691569805145,43.57749968767166,44.97533291578293,10.730394932258873,529.7407994766645,543.4451282815039,4245.665064699249,97.18634375,3054.0923434315387,5459.43505859375,5.0,5.0,5.0,0.0,37.57794506437197,42.42205493562803,0
static,medium,Rewrite the documents above (Month 4 and Month 11) and label the months with the...,82,128,,134.16723534464836,5.539406545460224,5.673659756779671,22.560394081976444,44.32546684984118,43.61658678280087,42.65489801764488,43.61320063471794,43.745605647563934,127.94946879148483,5.744887086987495,529.0351927532348,536.2130805023032,4189.164691424244,95.01541150442478,3042.290575904776,5451.5400390625,5.0,5.0,5.0,0.0,38.428938734953796,41.571061265046204,1
static,long,You are a partner in a commercial team at a large global law firm based in the U...,662,128,,466.411255300045,5.7044693902134895,6.171104211360216,20.74183089703271,48.21175165125169,44.91628084595748,42.8793728351593,43.777912855148315,44.43209506571293,208.22983235120773,52.21021485575288,535.7929719816689,592.4233165561427,4628.307160594865,96.46173170731707,3655.9060237075987,5544.6943359375,5.0,5.0,5.0,0.0,39.719840819676094,40.280159180323906,2
static,short,write some code that removes whitespace in js,8,128,,87.73057162761688,5.433822728693485,5.521610394120216,23.18164282947291,43.13758120406419,42.785212984235265,42.4732081592083,43.32464188337326,43.41704435646534,54.76481840014458,3.0685018007308242,494.19469140108674,498.74279857636986,3896.4281138778897,90.8229,2753.863420611889,5442.75830078125,5.0,5.0,5.0,0.0,37.59837162306928,42.40162837693072,0
static,short,compile a list of all pokemon mentioned in any prompt above including the gym le...,46,128,,76.64723321795464,5.51766612008214,5.594369772821665,22.880146504052036,43.706013850169256,43.444720221551385,42.731259018182755,43.618395924568176,43.990856781601906,93.27031672000885,3.052890083044767,519.3280274369084,523.903586206574,4092.9967672388593,94.07457847533632,2930.910386546927,5447.98974609375,5.0,5.0,5.0,0.0,38.25613067258061,41.74386932741939,0
static,medium,Write a story about a mother taking her toddler daughter to the bathroom after a...,94,128,,138.30555975437164,5.455568298697472,5.593960031867027,22.881822406814553,43.70281274896115,42.956444603486325,42.44564101099968,43.52720230817795,43.6466533690691,76.51406154036522,6.466452271603048,496.0891462513935,504.28396094110434,3939.7184448523776,90.55385201793722,2820.944322216131,5453.6142578125,5.0,5.0,5.0,0.0,37.770423158181934,42.229576841818066,0
static,long,"Act as the prompt generator and I will give you the main keywords by: Product, F...",408,128,,286.22934967279434,5.695877145975828,5.9822964034974575,21.39646573265189,46.73669065232389,44.84864221665803,42.76961460709572,43.78306716680527,44.82680149376392,123.39696288108826,22.63856532869302,556.8272754193451,582.0908129406496,4547.584476098825,97.93252941176469,3482.2397767637594,5500.92333984375,5.0,5.0,5.0,0.0,39.655626084156864,40.344373915843136,2
static,long,"Tables:
CREATE TABLE `crm\_account` (
 `CustomerID` varchar(255) NOT NULL,
 `Cus...",881,128,,607.1887202560902,5.451807368546724,6.0592037960886955,21.124887742284862,47.337529656942934,42.92683004159627,42.66917333006859,43.59612688422203,43.65072399377823,59.07746031880379,43.98699008678645,512.0996819177215,557.7749166988265,4357.616536709582,92.35634297520662,3379.6718926245853,5620.66796875,5.0,5.0,5.0,0.0,37.74150701489035,42.25849298510965,0
static,medium,Write me a story about Jack and Phil on a construction site. Jack is having a ba...,95,128,,125.8816160261631,5.768137708306313,5.894077405333519,21.716715135802847,46.04747972916812,45.417613577185655,42.527779936790466,43.561289459466934,43.64304319024086,362.636923789978,7.415779539395123,523.68337882315,533.5164249779135,4168.097070139949,90.90021276595746,3144.5871058366356,5453.697265625,5.0,5.0,5.0,0.0,40.231739735509464,39.768260264490536,1
static,short,generate the job descriptions for the developers respectively,8,128,,81.25196397304535,5.441577702760696,5.522886857390404,23.176285030847207,43.14755357336253,42.84626949490525,42.429424822330475,43.6845563352108,43.93089450895786,51.740288734436035,2.8978676779568198,515.7186178937312,520.0633196869101,4062.994685053985,94.63488181818182,2872.2508733096597,5442.75830078125,5.0,5.0,5.0,0.0,37.65334077472762,42.34665922527238,0
static,short,Why do IT companies file patents on software?,9,128,,78.56808230280876,5.524799183011055,5.6034239418804646,22.843176123676308,43.77674954594113,43.50155671163807,42.4778088927269,43.51378157734871,43.738046661019325,80.94707876443863,3.298735677715391,515.8188908378705,520.768249452047,4068.5019488441176,93.53190582959644,2918.0852771507784,5442.87744140625,5.0,5.0,5.0,0.0,38.31559454831552,41.68440545168448,0
static,medium,5. Explain the impact of the following transactions on a company's income statem...,126,128,,166.68164730072021,5.496656037867069,5.663413364440203,22.6012109240859,44.245416909689084,43.27995881555587,42.98738017678261,43.75310391187668,44.334738701581955,71.98906317353249,7.590452857505531,550.7390769406967,559.842245163519,4373.767540339993,99.19764159292035,3170.618053237282,5457.2666015625,5.0,5.0,5.0,0.0,38.088634727508065,41.911365272491935,0
static,medium,I want you to act as a cyber security specialist. I will provide some specific i...,81,128,,146.42823860049248,5.5060771480202675,5.652574822306633,22.644547666114278,44.16074079927057,43.35414852917663,42.58086159825325,43.59420984983444,43.69901791214943,67.75447353720665,5.918557124197482,508.36049368352815,515.7687604513726,4029.4434410263484,91.78547111111111,2915.42150945973,5451.421875,5.0,5.0,5.0,0.0,38.16644527663396,41.83355472336604,0
static,long,"// store/inventorySlice.ts

import {createSlice, current} from '@reduxjs/toolkit...",699,128,,541.1597304046154,5.449269589036703,5.990591734647751,21.36683747945752,46.80149792693555,42.906663901223915,42.45506227016449,43.694040179252625,43.989353626966476,56.74561858177185,42.52266167098283,511.40057631830314,556.4548147416506,4347.303240169145,93.20470292887029,3333.4936138962776,5557.44921875,5.0,5.0,5.0,0.0,37.71544928391149,42.28455071608851,0
static,medium,Create a powershell script that allows me to choose several different .csv files...,84,128,,126.48389115929604,5.427646841853857,5.554208740592003,23.045586865422155,43.39225578587502,42.73658157802942,42.39530488848686,43.50062981247902,43.64580139517784,52.67222225666046,6.773180627319961,502.35992166270313,512.612172911603,4004.7826008718985,92.87498642533934,2847.1550113194844,5451.77734375,5.0,5.0,5.0,0.0,37.550967480019324,42.449032519980676,0
static,long,"please implement and modify this code with the code you have provided

php
 $jso...",802,128,,640.8663541078568,5.45762075483799,6.098731767386198,20.987970102980672,47.64634193270467,42.97259529157886,42.574621737003326,43.63905191421509,43.91035996377468,62.175095081329346,51.27041192676127,509.0807990612798,562.0962549421154,4391.3769917352765,92.60664609053498,3428.07428634429,5592.9580078125,5.0,5.0,5.0,0.0,37.7802540526146,42.2197459473854,0
static,short,can you write me a rap song about rainbows and unicorns in the style of Joyner L...,20,128,,97.34686091542244,5.556169778108597,5.653577297925949,22.64053240184009,44.16857264004648,43.74857235142565,42.46902093291283,43.54540482163429,43.68378333747387,163.29654678702354,3.042346841059625,562.134395644402,566.697726803122,4427.32599064939,100.81748888888892,3203.869403040372,5444.18212890625,5.0,5.0,5.0,0.0,38.56238611335829,41.43761388664171,1
static,medium,"we currently named our business ""muscles and meows"" because we jokingly admit to...",143,128,,197.57666438817978,5.5635529682040215,5.761196117848158,22.217608528106968,45.00934467068873,43.806700578590075,42.96660050749779,43.85486915707588,44.32078041136265,81.13602176308632,8.968959953730925,513.2197486857324,524.151120381413,4094.930627979789,91.2355304347826,3019.7373999071588,5459.89990234375,5.0,5.0,5.0,0.0,38.61295672382895,41.38704327617105,0
static,long,"Web search results:

[1] ""Writing a summary is a great way to process the inform...",364,128,,284.8173566162586,5.860867861658335,6.1458017863333225,20.827225551699208,48.01407645572908,46.1477162683104,42.818740010261536,43.931129574775696,44.78201568126678,326.18323341012,19.855635905893518,527.8941048296579,550.7103419315722,4302.424546340408,89.95554285714285,3384.5566031952912,5494.111328125,5.0,5.0,5.0,0.0,40.95384094306803,39.04615905693197,1
static,short,Write a business proposal for the need of an IT intern for a semi-conductor manu...,18,128,,95.92929109930992,5.479980893433094,5.575978744775057,22.95561117766845,43.56233394355513,43.14865984433279,42.68908128142357,43.53045895695686,43.61802376806736,65.4132179915905,2.8672170415110885,498.91758742165575,503.5129867808372,3933.6952092252905,90.82804054054056,2807.5777120081525,5443.94482421875,5.0,5.0,5.0,0.0,37.962519717732754,42.037480282267246,0
static,medium,"async get\_file\_type(file\_name: string): Promise {
 const file\_type\_extensio...",201,128,,127.8826855123043,5.5055000595748425,5.633442185819149,22.721454446130565,44.0112670767121,43.34959707508876,42.85959154367447,43.72658431529999,43.90510842204093,71.42041996121407,7.351528499573469,511.21453788056965,522.6373147804067,4083.104021721927,93.28615695067263,2944.247096967185,5469.7578125,5.0,5.0,5.0,0.0,38.160285758455906,41.839714241544094,0
static,short,"now a similar, more gracile, closely-related one",11,128,,99.90127012133598,5.457787219434977,5.557744946330786,23.030923735445146,43.419882393209264,42.97389808719552,42.384836822748184,43.576811999082565,44.071616232395165,71.72585651278496,3.651153797322884,560.9271543385312,567.3355613100882,4432.309072735065,102.30332432432432,3153.1063487448823,5443.11474609375,5.0,5.0,5.0,0.0,37.78267247001017,42.21732752998983,0
static,long,covert this into instagram text video reel which will have a bacground song'How ...,368,128,,342.64424443244934,5.5533303171396255,5.896112099289894,21.709220897515813,46.0633757757023,43.72622386559727,42.63124242424965,43.825867772102356,44.23057958483695,113.05145546793938,22.972197643769906,507.82181538335607,532.551152474368,4160.555878706,90.72105531914896,3139.9812935948985,5494.73046875,5.0,5.0,5.0,0.0,38.533242903356474,41.466757096643526,1
static,medium,"Now I get this:
UDP server listening on 0.0.0.0:50055
Received 8 bytes from 10.1...",171,128,,178.40130627155304,5.793238539248705,5.971714112907648,21.43438175034745,46.654016507091,45.6151619670898,42.71795228123665,43.725620955228806,45.850377529859536,304.06932160258293,12.871635248681528,523.3438085188847,538.8000919729211,4209.375718538447,90.64032773109244,3217.560113270632,5465.31396484375,5.0,5.0,5.0,0.0,40.42736080101156,39.57263919898844,1
static,long,Below is some data from a file. What file format do you think this data is from?...,972,128,,553.508784621954,5.525881264358759,6.079584989696741,21.05406869332784,47.49675773200579,43.510085543778935,42.83669963479042,43.660302460193634,43.72364543378353,114.75109308958054,44.711824064204464,511.04022054138966,557.8225597314499,4357.988747901953,92.26732231404958,3391.3296610575367,5651.646484375,5.0,5.0,5.0,0.0,38.32473506139019,41.67526493860981,1
static,medium,Please write a program which asks for tomorrow's weather forecast and then sugge...,253,128,,208.8211588561535,5.560975611209869,5.769919104874134,22.18401985772593,45.07749300682917,43.78641883688649,43.108921498060226,43.812863528728485,44.414744898676865,88.68207782506943,16.76504650876671,507.45456796125313,527.3711928322762,4120.087444002157,91.81627391304349,3042.889120883211,5478.6240234375,5.0,5.0,5.0,0.0,38.59316765910059,41.40683234089941,0
static,short,"the last response got cut, could you generate again the javascript file?",14,128,,79.8221044242382,5.488175891339779,5.5680556781589985,22.988275871968554,43.500434985617176,43.2131832216199,42.24693775177002,43.5302697122097,44.21093054115772,78.72379943728447,2.9004767681211234,555.302507641388,559.6449089892116,4372.225851478215,100.90017117117117,3116.1340132501555,5443.47021484375,5.0,5.0,5.0,0.0,38.02011593237636,41.97988406762364,0
static,long,"You are AdventBot, a chatbot that solves small coding puzzles from Advent of Cod...",420,128,,416.6972190141678,5.543631087988615,5.960508592426777,21.474677540542853,46.566473378334194,43.649852803842286,42.59816184639931,43.56854036450386,44.251814857125275,113.50595951080322,32.15446387318149,508.90042080730007,542.9953517041522,4242.151185188689,91.65595780590719,3236.528459480399,5502.78076171875,5.0,5.0,5.0,0.0,38.46328467951985,41.53671532048015,1
static,medium,"having this documentation site structure, how would you organize this better for...",211,128,,216.1921039223671,5.582675527781248,5.79893895983696,22.07300350745523,45.30421062372625,43.95727995108432,42.763929814100266,43.64873543381691,46.652865037322044,113.19268122315407,13.205334973681719,506.78607637538573,522.855925185157,4084.8119155090394,90.64141558441557,3032.009594937806,5471.234375,5.0,5.0,5.0,0.0,38.77048112276032,41.22951887723968,1
static,long,Please make the following this to a dialogue for me as a chairman and Dr.Hasan a...,445,128,,356.8342886865139,5.613993871957064,5.971039306372404,21.4368041194095,46.64874458103441,44.20388360896448,42.70133376121521,43.69594231247902,43.840812519192696,120.09916082024574,28.989332008108498,513.2964841255099,544.7297961938084,4255.701532764128,91.59940336134454,3252.603024425459,5506.65087890625,5.0,5.0,5.0,0.0,39.01527420155645,40.98472579844355,1
static,short,I have significant teeth overbite which makes it difficult for me to quickly and...,29,128,,87.25300431251526,5.485381975769997,5.572692327201366,22.969148929182357,43.536658806260675,43.191178166490836,42.58965700864792,43.64507868885994,43.96765008568764,77.18345522880554,3.1114998572375625,517.5465229081585,522.5720169966687,4082.5938827864743,94.24012162162163,2912.133069527478,5445.40478515625,5.0,5.0,5.0,0.0,37.998273235371734,42.001726764628266,0
static,medium,You are a professional developer that builds very robust SAAS. You are also an e...,201,128,,192.34854727983475,5.537091705948114,5.7295504771173,22.34032155074065,44.76211310247891,43.598352777441654,43.07149350643158,43.75168979167938,43.991921842098236,64.35750797390938,10.451099085640163,558.7985473068338,571.9453845915291,4468.323317121321,100.38803947368422,3276.989951171433,5469.7578125,5.0,5.0,5.0,0.0,38.412103473436176,41.587896526563824,0
static,medium,"cs3492 Based on the syllabus outlined below, Write multiple choice questions and...",129,128,,204.1221708059311,5.502259775996208,5.706479597836733,22.43064183538367,44.581871858099476,43.323278133794076,42.954061180353165,43.64922791719437,44.09341365098953,70.27827203273773,12.903796689543874,502.30087639851877,518.4975727064052,4050.7622867687905,91.0461842105263,2958.7958201769693,5457.73291015625,5.0,5.0,5.0,0.0,38.13535139316649,41.86464860683351,0
static,medium,"hi could you pleasse help me, i need to send an email this is the information , ...",151,128,,127.81552225351334,5.6120380982756615,5.739941976964474,22.299876987204645,44.84329669503495,44.188480120240236,42.75175929069519,43.735431879758835,45.1393987983465,113.85300755500793,6.347127859301866,515.4963490628023,524.6521274468321,4098.844745678376,91.71878165938865,3011.4727696357863,5463.07275390625,5.0,5.0,5.0,0.0,39.0021886353887,40.9978113646113,1
static,long,I am a product designer. My company is a one-to-one online tutoring platform. We...,964,128,,617.4970790743828,5.480414509773254,6.098135933279991,20.990020786754243,47.64168697874993,43.15208024748667,42.89262369275093,43.718788772821426,44.08450834453106,76.08172670006752,52.50628779134899,515.7886824788582,570.73788019534,4458.889689026094,94.00862551440329,3480.4371757032536,5649.208984375,5.0,5.0,5.0,0.0,37.9593333625418,42.0406666374582,0
static,short,I wrote a script to run on a website. I run it in the chrome console. What's the...,29,128,,75.05866140127182,5.472023595124483,5.547142218798399,23.07494471049038,43.33704858436249,43.085999874852774,42.653556913137436,43.555229902267456,43.66848170757294,66.26848131418228,1.4701281027942896,497.2431570233628,500.1731435347349,3907.6026838651164,90.63928054298644,2774.531561210639,5445.40478515625,5.0,5.0,5.0,0.0,37.899759194747666,42.100240805252334,0
static,medium,"Okay so the browser console says it has posted successfully...

Token being sent...",195,128,,175.1539520919323,5.668763790279627,5.8440196216106415,21.902732757204973,45.65640329383314,44.63514101904208,42.48562827706337,43.60531121492386,46.88374623656268,216.7353443801403,7.894885805867612,572.1561284854356,582.853522392245,4553.543143689414,100.10562231759657,3406.2074213851574,5468.962890625,5.0,5.0,5.0,0.0,39.44944472998146,40.55055527001854,1
static,long,where in this code should the exploration/exploitation 'recommend\_items' functi...,908,128,,570.2090673148632,5.4620144963264465,6.032505515962839,21.218380929995735,47.12894934345968,43.00719678519279,42.64869913458824,43.69610995054245,43.84743496775627,65.21285325288773,51.48150849444418,514.7783261146153,568.7237450537514,4443.154258232433,94.8431625,3430.8291290957986,5630.1455078125,5.0,5.0,5.0,0.0,37.81663811230284,42.18336188769716,0
static,medium,I am a digital marketing agency and looking to create an shared mailbox for my b...,75,128,,384.02778282761574,5.5399553924798965,5.9241083934903145,21.606626938266754,46.28209682414308,43.619135204027955,42.5984151661396,44.20890882611275,44.633327051997185,79.43380624055862,22.181515722423796,501.4021743496991,525.002835613504,4101.5846532304995,89.04377542372883,3110.1737050641746,5450.7099609375,5.0,5.0,5.0,0.0,38.417691643547826,41.582308356452174,0
static,long,Please summarize this data with the highest quality data: The consumer electroni...,286,128,,243.97466331720352,5.5976519994437695,5.841723058372736,21.911343403474444,45.638461393537,44.075196770232495,43.061092495918274,43.56095343828201,43.78349967300892,110.18097773194313,16.24888678788207,511.7760748878288,530.3335012752991,4143.230478713274,91.11215879828328,3098.061443027462,5482.60498046875,5.0,5.0,5.0,0.0,38.88825931417661,41.11174068582339,1
static,short,Give me a pitch deck for a presentation to venture capitalists and angel investo...,18,128,,88.38015422224998,5.4805546551942825,5.568992093205452,22.9844104386804,43.50775072816759,43.152322039360136,42.78389364480972,43.483320623636246,43.852122873067856,69.32835653424263,2.9624153650961818,500.9131518009994,505.3131935657803,3947.7593247326586,91.22949549549551,2814.0851795602266,5443.94482421875,5.0,5.0,5.0,0.0,37.96463037335028,42.03536962664972,0
static,long,You made a mistake. Xiao (Chinese: 魈 Xiāo) is a playable Anemo character in Gens...,818,128,,512.6119032502174,5.453164987266064,5.966013487428427,21.454862659918785,46.609480370534584,42.937514027507284,42.73605719208717,43.537598848342896,43.58518533408642,62.25094571709633,47.73228825474159,549.5476399558038,600.3050059631391,4689.882859087024,101.00145798319329,3581.42776214689,5599.2216796875,5.0,5.0,5.0,0.0,37.75238301458321,42.24761698541679,0
static,long,Write a 500-800 word linkedin article about putting the human in the center of c...,367,128,,285.67977994680405,5.6069548688828945,5.892759960144758,21.721570344917907,46.037187188630924,44.148456363931416,42.95537993311882,43.82261410355568,44.242584332823746,99.87880289554596,22.94680171823502,512.4252349786648,537.7138161715344,4200.889188840112,91.33872340425532,3168.618445952257,5494.576171875,5.0,5.0,5.0,0.0,38.95262564261129,41.04737435738871,0
static,short,can please write another email when the cart is about to close?Share Prompt,15,128,,80.26371523737907,5.463387109339237,5.543716039508581,23.089205703859694,43.31028155866079,43.01799942306646,42.72516444325447,43.57282817363739,43.68643760681152,65.26600942015648,2.874437856473029,523.2694273263254,527.7220792563837,4122.828744190498,95.6024343891403,2925.541355176433,5443.58935546875,5.0,5.0,5.0,0.0,37.83136879013279,42.16863120986721,0
static,medium,"When I ask you anything, you'll answer me in this format:

A: [Answer as you nor...",177,128,,178.42822521924973,5.515397924929857,5.693904351443052,22.480180926741404,44.483627745648846,43.427534313417794,42.653586715459824,43.63498315215111,44.15509589016437,68.46484169363976,8.693295682337135,499.3673227327131,509.8095965106636,3982.887472739559,89.93983259911893,2902.807079979494,5465.99658203125,5.0,5.0,5.0,0.0,38.240953223911795,41.759046776088205,0
static,medium,E0129 00:14:33.428052 22066 memcache.go:238] couldn't get current server API gro...,84,128,,169.8361039161682,5.4472069554030895,5.617113023996353,22.787506580904275,43.88369549997151,42.89060713737968,42.541030794382095,43.68646219372749,44.04216259717941,50.292547792196274,7.731173100803047,505.17042610091534,514.7232375960517,4021.275293719154,92.10262500000002,2891.2586016543514,5451.77734375,5.0,5.0,5.0,0.0,37.6947920798786,42.3052079201214,0
static,short,list me all the msal libraries,7,128,,80.61423525214195,5.498278375715017,5.578947439789772,22.943395932911557,43.585526873357594,43.292741195892724,42.861904948949814,43.819595128297806,44.06755715608597,78.81764695048332,5.560791701037436,539.7121345580985,547.1211462767701,4274.383955287267,98.41443243243245,3052.360118275632,5442.64013671875,5.0,5.0,5.0,0.0,38.0971780794812,41.9028219205188,0
static,medium,"I want you to act as an English editor, spelling corrector and improver. I will ...",175,128,,222.13231772184372,5.9418532140553,6.164061866700649,20.765528115718404,48.15673333359882,46.785412048260994,43.135952204465866,43.68295520544052,44.34441588819026,293.0540554225445,11.247067907061428,527.8823632371536,541.1501326437033,4227.735411278932,88.07100406504064,3335.6828967890497,5465.76904296875,5.0,5.0,5.0,0.0,41.5954478378371,38.4045521621629,2
static,long,"Good evening, here is some code:
export class Body extends React.Component{
 ren...",342,128,,365.4196411371231,5.504173792898655,5.8697251826524734,21.80681309889844,45.85722798947245,43.33915537971211,42.70724579691887,43.63769888877869,43.867630138993256,83.83094891905785,30.749085580861195,511.53552639390716,544.8590351325198,4256.711211972811,93.19507264957264,3198.1727995130805,5490.7060546875,5.0,5.0,5.0,0.0,38.15436254688135,41.84563745311865,0
static,long,"I have a model.pth now and template with index.html, style.css, main.js and have...",280,128,,251.8022283911705,5.569909974932671,5.821820940822363,21.98624816893103,45.48297610017471,43.85676264293551,43.2753711938858,44.40789073705673,44.63496394455433,73.3550563454628,14.341806690350175,499.3664360126164,515.9326182539669,4030.7235801091165,89.02843103448275,3003.6673210042545,5481.88134765625,5.0,5.0,5.0,0.0,38.646928878046396,41.353071121953604,0
static,short,You can only get answer from the choices I give. But try to explain your choice....,56,128,,131.87849521636963,5.556743752211332,5.688703440129757,22.500733488241107,44.442995626013726,43.753055547635384,43.240051716566086,44.22580078244209,44.497742876410484,107.01820254325867,8.512333344561979,534.0479021366685,545.1813181222174,4259.229047829823,96.19643612334802,3101.3748398963335,5448.68017578125,5.0,5.0,5.0,0.0,38.53767462016091,41.46232537983909,1
static,long,I writing this piece of content that could start on Twitter and graduate to long...,327,128,,318.8478387892246,5.516807995736599,5.835793051868677,21.933608485142077,45.59213321772404,43.43842817690429,42.84704849123955,43.92984136939049,45.3930016607046,65.18038362264633,30.290321996418758,506.9344695129395,540.209918935418,4220.389991682953,92.90263090128757,3152.5532914738537,5489.2685546875,5.0,5.0,5.0,0.0,38.200819498206684,41.799180501793316,0
static,short,"I want to improve my English listening ability.
Can you give me 20 TV shows from...",45,128,,148.44609424471855,5.562287345528603,5.710809238255024,22.41363608200495,44.615697173867375,43.79673554437367,42.99161583185196,44.048210233449936,44.28565725684166,81.12785592675209,6.533571128565818,504.2243679483514,513.7227435610275,4013.4589340705274,90.21328947368421,2933.7725898300328,5447.94384765625,5.0,5.0,5.0,0.0,38.59557375663847,41.40442624336153,0
static,short,Let's update the outline so that we consider the following principals as themati...,62,128,,144.68707889318466,5.971739202737808,6.116491016000509,20.927031473627093,47.78508606250398,47.02075834818712,43.75530779361725,53.269634395837784,53.45017723739147,66.70397892594337,6.093045487850905,521.8721074746232,529.4876692991387,4136.622416399521,87.10914814814815,3238.6065723512306,5449.16552734375,5.0,5.0,5.0,0.0,41.792349229882085,38.207650770117915,0
static,short,"Suggest a study plan which I can follow
and some online lecture materials which ...",24,128,,118.9558170735836,5.48863360658288,5.607649676501751,22.825962280841143,43.80976309766993,43.21592051799842,43.09164732694626,44.03214976191521,44.573719799518585,54.66555804014206,4.451605432987213,506.1473673372437,513.1508483969476,4008.991003101153,91.72602678571431,2877.570189009742,5444.65673828125,5.0,5.0,5.0,0.0,38.00563534765732,41.99436465234268,0
static,short,Write a report on Marshall AI,6,128,,73.17996770143509,5.494290754199028,5.567548613995314,22.990369527846163,43.49647354683839,43.261079161655246,42.64505207538605,43.88811141252518,44.34707537293434,73.06763902306557,1.4505985646098851,535.9821726044286,539.0137867241856,4211.0452087827,97.25588738738739,3000.985461200605,5442.52099609375,5.0,5.0,5.0,0.0,38.06136979714153,41.93863020285847,0
static,long,rewrite my generateScreenshot function so the logic is similar to this rest endp...,510,128,,387.3966597020626,5.678844816982746,6.0664864629507065,21.099527837360654,47.394425491802394,44.714491697042945,43.32578182220459,44.62916925549507,45.87589539587497,151.55893936753273,29.99839211960137,513.0480569631532,545.6053454148024,4262.541761053144,90.33786776859505,3309.9074420724432,5518.47265625,5.0,5.0,5.0,0.0,39.50561407044178,40.49438592955822,1
static,short,can you show it in code?,7,128,,88.81396800279617,5.538761857897043,5.62764336168766,22.74486703820094,43.965963763184845,43.61149287364614,43.20428520441055,44.377511739730835,44.639794901013374,75.80725103616714,2.9965208964310586,534.8043020377997,539.7265214566719,4216.613448880249,96.45913392857142,3037.388375602412,5442.64013671875,5.0,5.0,5.0,0.0,38.397059284561266,41.602940715438734,0
static,short,Which party has the higher conditional probability of retweeting a MoC? Why did ...,48,128,,135.96776127815247,5.586444228887558,5.72248038649559,22.3679228856888,44.7068780194968,43.98662535341706,43.24055090546608,44.60252225399017,44.70014423131943,78.44596728682518,6.428846193799749,504.9918171846084,513.7539049291257,4013.702382258795,90.22193859649123,2939.946644442442,5448.08251953125,5.0,5.0,5.0,0.0,38.770193014088576,41.229806985911424,0
static,long,"Web search results:

[1] ""The World Economic Forums Annual Meeting 2023 was held...",416,128,,377.98313796520233,5.59533841535449,5.973455615341663,21.42813276644373,46.667621994856745,44.056783804273984,43.05016249418259,44.132062792778015,44.93851773440838,126.23387575149536,32.10092750737816,507.4951135008447,542.1794676101694,4235.777090704448,91.17694957983194,3238.6849853189196,5502.16162109375,5.0,5.0,5.0,0.0,38.86107372956013,41.13892627043987,1
adaptive_0.12,medium,Initialization: Create an initial population of candidate solutions (often rando...,140,128,0.12,177.15933546423912,5.51067217066884,5.687924925237894,22.503813197683243,44.43691347842105,43.390307194135325,43.33758354187012,44.2433163523674,44.42895948886871,57.79586359858513,9.187086736094207,550.9719663907401,562.7461158600115,4396.45403015634,99.21030396475768,3200.8576589809713,5459.43505859375,5.0202688702448155,5.1663000047206875,3.0535275399684907,0.19588150277941818,38.164426081293215,41.835573918706785,0
adaptive_0.12,medium,Rewrite the documents above (Month 4 and Month 11) and label the months with the...,82,128,0.12,137.49539479613304,5.804832104593515,5.942399878054857,21.540118912680544,46.42499904730357,45.70650203725484,43.53053495287895,52.02024206519127,52.38349288702011,66.5360763669014,6.101598515808582,504.97178346641175,512.5977280846964,4004.669750661691,86.59603375527428,3046.0606768616967,5451.5400390625,4.706848396184878,5.190042024850845,1.9028670251369475,0.6149379376939342,40.776263365126034,39.223736634873966,0
adaptive_0.12,long,You are a partner in a commercial team at a large global law firm based in the U...,662,128,0.12,463.1269834935665,5.9441779889166355,6.407536648213863,19.976475676605098,50.05888006417081,46.80344626659483,43.75217482447624,51.70595794916153,52.18043103814125,134.08024609088898,41.542885022921496,527.9308141083327,572.5155012678877,4472.777353655372,89.81353333333334,3668.4140560445207,5544.6943359375,4.637175440553606,5.119642531871795,0.0,0.8184137784572082,41.9528991218627,38.0471008781373,2
adaptive_0.12,short,write some code that removes whitespace in js,8,128,0.12,85.9111063182354,5.935172986239195,6.021174598485231,21.258310634639532,47.04042655066587,46.73258998379932,43.71258616447449,51.79150626063347,52.02413611114025,61.791982501745224,2.8393792510032654,513.7042787858434,518.7675000338816,4052.8710940147,86.52862916666666,3123.589693723694,5442.75830078125,4.565441710366978,5.173356449604034,2.506162887811661,0.6066508945042094,41.95465241360852,38.04534758639148,0
adaptive_0.12,short,compile a list of all pokemon mentioned in any prompt above including the gym le...,46,128,0.12,126.43652781844139,5.5557727590203285,5.682288367301226,22.52613590267207,44.392877869540825,43.74542251581282,43.31902787089348,44.2373052239418,44.66557577252388,65.9346915781498,5.984232791483402,498.18621763277235,506.0582725795768,3953.580254527944,89.2605242290749,2875.569035455482,5447.98974609375,4.973004310009049,5.154465651512146,1.9613329231739043,0.35287040737819114,38.558297416591266,41.441702583408734,0
adaptive_0.12,medium,Write a story about a mother taking her toddler daughter to the bathroom after a...,94,128,0.12,142.52253621816635,5.51545425131917,5.658034488558769,22.622697026472974,44.203394441865385,43.42784286718669,43.20327937602997,44.13638114929199,44.51839551329613,58.564238250255585,6.19805992942676,553.2017012873273,561.4811052338127,4386.571134639162,99.80516888888889,3176.879458087008,5453.6142578125,5.015037027963505,5.158341443538665,2.949873125553131,0.22632744948546313,38.20802476697081,41.79197523302919,0
adaptive_0.12,long,"Act as the prompt generator and I will give you the main keywords by: Product, F...",408,128,0.12,310.0718595087528,5.659543223679066,5.969724826514721,21.441524311386008,46.63847520714626,44.562525049907954,43.31504926085472,43.923065811395645,44.51601691544055,104.91062700748444,20.89573147236556,506.89291175811366,529.588472397402,4137.4099406047035,89.09152941176472,3161.497451506777,5500.92333984375,4.906446293113739,5.1420313775539395,0.0,0.7345487959178596,39.46071115183079,40.53928884816921,1
adaptive_0.12,long,"Tables:
CREATE TABLE `crm\_account` (
 `CustomerID` varchar(255) NOT NULL,
 `Cus...",881,128,0.12,888.7792117893696,5.80142791941762,6.69044641777873,19.13175773441091,52.26911263889633,45.67945018176019,43.591879308223724,51.999107748270035,52.20464505255222,67.15022027492523,69.02154677511564,515.8420294207148,587.3474190777187,4588.651711544677,88.25883458646616,3929.6164359601057,5620.66796875,4.709927948769623,5.146736866235733,1.823733365535736,0.5903072384177984,40.75060042691982,39.24939957308018,0
adaptive_0.12,medium,Write me a story about Jack and Phil on a construction site. Jack is having a ba...,95,128,0.12,165.63944518566132,5.546523332595825,5.712240286171436,22.40802094930613,44.626877235714346,43.672536184468605,43.48670691251755,44.039930403232574,44.202980399131775,78.06782051920891,7.894697775224224,498.23099024469775,508.5674480324294,3973.1831877533546,89.3229254385965,2905.0594648862416,5453.697265625,4.980568829343076,5.140890991687774,0.28927690386772154,0.4249163570008864,38.49525975547438,41.50474024452562,0
adaptive_0.12,short,generate the job descriptions for the developers respectively,8,128,0.12,80.65303042531013,5.564191084355116,5.644911676645279,22.675288353859465,44.10087247379124,43.81167140649998,43.460194021463394,44.43672224879265,44.64039318263531,80.96745237708092,2.9615862062573433,504.5884725173209,509.029134383807,3976.7901123734923,90.56824444444446,2873.424504435791,5442.75830078125,4.965554905735603,5.138417994976043,0.0,0.45582857659807213,38.62673921261247,41.37326078738753,0
adaptive_0.12,short,Why do IT companies file patents on software?,9,128,0.12,81.49507641792297,5.550953008234501,5.632515165954828,22.72519402587376,44.004024734022096,43.70716891772165,43.542541563510895,44.445306807756424,44.58922520279884,56.096337735652924,2.948888040080667,557.1752091376634,561.598724750042,4387.490037109704,100.18228124999999,3163.213334335503,5442.87744140625,4.979092030403184,5.1451945960521694,3.287271773815155,0.20897768728578525,38.50756641330681,41.49243358669319,0
adaptive_0.12,medium,5. Explain the impact of the following transactions on a company's income statem...,126,128,0.12,135.39499789476395,5.540679343044758,5.67614059522748,22.550533739002674,44.34484840021469,43.626458098099924,43.69177669286728,44.29764673113823,44.497500360012054,51.30449682474136,6.219076783899218,497.8214316235855,506.38828529850394,3956.158478894562,89.5643407079646,2874.331103130473,5457.2666015625,4.98886431399293,5.114290630817413,3.9477402627468106,0.12036971898948293,38.426130716725595,41.573869283274405,0
adaptive_0.12,medium,I want you to act as a cyber security specialist. I will provide some specific i...,81,128,0.12,92.15616807341576,5.575638424605131,5.667869795113802,22.5834404506517,44.28023277432658,43.90183504758857,43.63467916846275,44.395218789577484,44.69406567513943,73.79525154829025,2.935569880612195,520.6781235885732,525.762344462404,4107.5183161125315,93.14550000000001,2979.952511586678,5451.421875,4.950973986265229,5.11749587059021,0.8720194458961487,0.40242134316298706,38.74188344778977,41.25811655221023,0
adaptive_0.12,long,"// store/inventorySlice.ts

import {createSlice, current} from '@reduxjs/toolkit...",699,128,0.12,618.701908737421,5.562198773026466,6.1811742670834064,20.70803935777027,48.29042396158911,43.795960243996674,43.747302144765854,44.244612753391266,44.673700630664825,61.82459369301796,46.768901928836485,502.805471626399,552.2673059082924,4314.5883274085345,89.83694715447153,3413.6604598318168,5557.44921875,4.964518145641944,5.114178425073623,2.494141674041748,0.2534315094483871,38.62901545298381,41.37098454701619,0
adaptive_0.12,medium,Create a powershell script that allows me to choose several different .csv files...,84,128,0.12,136.90202310681343,5.919977739453316,6.05694679543376,21.132759511194198,47.31989683932625,46.61314168900955,43.82678493857384,51.955314725637436,52.09782086312771,66.22949242591858,5.9543600722886625,513.6112333231029,521.0548000445832,4070.7406253483064,86.55401244813278,3156.0012013754167,5451.77734375,4.5834145945826865,5.15777370929718,1.9414157330989836,0.6241220285464234,41.804878378477625,38.195121621522375,0
adaptive_0.12,long,"please implement and modify this code with the code you have provided

php
 $jso...",802,128,0.12,615.1047572493553,5.535999238491058,6.151340927928686,20.808471112184133,48.05735099944286,43.589725797101266,43.49537566304207,44.17397826910019,44.437240436673164,59.16300415992737,67.71908601173759,545.0344151822812,615.3763667392618,4807.627865150483,100.55665306122451,3785.3898308032744,5592.9580078125,4.994348857675013,5.145421242713928,2.85741782784462,0.20493741048387212,38.38042618604157,41.61957381395843,0
adaptive_0.12,short,can you write me a rap song about rainbows and unicorns in the style of Joyner L...,20,128,0.12,135.33813878893852,5.49444842338562,5.629844684153795,22.735973580279914,43.983161594951525,43.26230190752998,43.33306849002838,44.12667900323868,44.35514733195305,47.277044504880905,5.993150211829692,493.7274747762885,501.22248520066034,3915.800665630159,89.61822321428572,2821.804743885292,5444.18212890625,5.038878191268352,5.173553144931793,4.489920204877853,0.10141880361655353,38.00934840609708,41.99065159390292,0
adaptive_0.12,medium,"we currently named our business ""muscles and meows"" because we jokingly admit to...",143,128,0.12,213.09662237763405,5.543982304632664,5.757154483348131,22.233205721719717,44.977769401157275,43.652517794389425,43.476227670907974,44.29895877838135,44.60001103579997,56.849900633096695,10.526190371060745,501.66763055781837,514.5851164718567,4020.1962224363806,89.57789956331881,2962.5460103601704,5459.89990234375,4.98725326028396,5.138566410541534,3.1834743082523347,0.2298000103832986,38.43955616430035,41.56044383569965,0
adaptive_0.12,long,"Web search results:

[1] ""Writing a summary is a great way to process the inform...",364,128,0.12,359.83695834875107,5.626923695206642,5.986906204372644,21.379990871831748,46.772704721661285,44.30561104980041,43.58216002583504,44.50687691569328,44.74950730800629,105.62235116958618,26.102802939165386,507.5662607362307,536.0609838649852,4187.976436445198,89.76854393305442,3209.346830223384,5494.111328125,4.923126195875679,5.1228191614151,0.0,0.5941851442199731,39.17543009275526,40.82456990724474,1
adaptive_0.12,short,Write a business proposal for the need of an IT intern for a semi-conductor manu...,18,128,0.12,72.52420112490654,5.8853806890547276,5.95798609033227,21.483769525360138,46.54676633072086,46.34071910005855,43.70855167508125,44.51134726405144,44.79258805513382,322.7761350572109,2.976129647601396,574.250490291899,578.7071043033991,4521.1492523703055,97.45912236286921,3447.9288778161176,5443.94482421875,4.880016349244307,5.137400543689727,0.0,0.6556530394774632,41.24380187608126,38.75619812391874,1
adaptive_0.12,medium,"async get\_file\_type(file\_name: string): Promise {
 const file\_type\_extensio...",201,128,0.12,192.91378930211067,5.631729248911142,5.824772082269192,21.975108758269947,45.50603189272806,44.343487924243526,43.844759464263916,44.693341106176376,45.0143963098526,74.16025549173355,13.250075077699497,515.0730047551393,531.0610340913292,4148.914328838509,91.71553879310345,3093.309485356182,5469.7578125,4.892392087968317,5.102851903438568,0.8223972380161285,0.46195598718835584,39.230065933597366,40.769934066402634,0
adaptive_0.12,short,"now a similar, more gracile, closely-related one",11,128,0.12,77.7132473886013,5.658295560628176,5.736068405210972,22.314936112637273,44.81303441571072,44.552534965314265,43.479301035404205,44.28465813398361,44.58509534597397,180.18994480371475,2.9888127912729976,501.5622220749129,506.0456007923056,3953.4812561898875,88.48289519650655,2902.7121823007487,5443.11474609375,4.96950393755605,5.140152490139007,0.0,0.45790093966116246,39.37533019682554,40.62466980317446,1
adaptive_0.12,long,covert this into instagram text video reel which will have a bacground song'How ...,368,128,0.12,310.34618243575096,6.220026358962059,6.530499637126923,19.600337969900462,51.01952841505408,48.975726662892995,51.22872069478035,51.9834466278553,52.18773633241653,103.36986929178238,19.336506505675615,532.7016528144032,554.1780977360904,4329.516388563206,85.02687692307693,3619.0598661692266,5494.73046875,4.287799266426584,5.134052699804306,0.0,0.7251504751311512,44.45212712790084,35.54787287209916,1
adaptive_0.12,medium,"Now I get this:
UDP server listening on 0.0.0.0:50055
Received 8 bytes from 10.1...",171,128,0.12,204.03225347399712,5.582085829228163,5.786221794784069,22.121516343425395,45.20485777175054,43.95260743972823,43.5163751244545,44.30449604988098,45.862109959125505,73.91088828444481,12.51243147294596,502.40338040200254,517.3637226894275,4041.9040835111523,89.6730043290043,2993.5812480561867,5465.31396484375,4.9436379545316935,5.1422128736972805,0.8417936325073242,0.47719052214446417,38.803017045569234,41.196982954430766,0
adaptive_0.12,long,Below is some data from a file. What file format do you think this data is from?...,972,128,0.12,656.8651348352432,5.62634003162384,6.283440455794334,20.371005486646027,49.08937856089324,44.30073232749316,43.7573604285717,44.776228815317154,45.22107318043709,105.50837963819504,45.06654902605153,562.7419696825986,609.7400355164743,4763.594027472455,97.551136,3831.265206681689,5651.646484375,4.925377357710066,5.135432696342468,0.0,0.4604332760973389,39.15564272934058,40.84435727065942,1
adaptive_0.12,medium,Please write a program which asks for tomorrow's weather forecast and then sugge...,253,128,0.12,243.55200678110123,5.636203721165657,5.879872240126133,21.769180480910276,45.936501875985414,44.378224114968084,43.60996559262276,44.40440014004707,44.79340761899948,83.7341956794262,13.60486521698162,504.80211403950125,520.6352631346379,4067.462993239358,88.78972222222221,3061.268830936122,5478.6240234375,4.890868429640148,5.136260157823562,0.0,0.6380535549036039,39.27193461792675,40.72806538207325,0
adaptive_0.12,short,"the last response got cut, could you generate again the javascript file?",14,128,0.12,103.65581512451172,5.945053827017546,6.048786975443363,21.16126762599668,47.256148245651275,46.810427988608055,43.334998190402985,51.35883763432503,51.60164386034011,372.793473303318,4.381802331961691,545.7526000824943,552.0891740239709,4313.196672062273,91.67039834024895,3339.4698051194796,5443.47021484375,4.875484169280436,5.170905357599258,0.0,0.6195494784311727,41.67543375116634,38.32456624883366,1
adaptive_0.12,long,"You are AdventBot, a chatbot that solves small coding puzzles from Advent of Cod...",420,128,0.12,383.0636404454708,5.683744981884956,6.067017141729593,21.097682272826017,47.39857141976245,44.75308315256449,43.28808933496475,44.3254791200161,49.39997494220726,137.41469755768776,23.365552992040293,514.2740985952635,539.3630722500644,4213.774001953629,89.18829752066117,3272.325004957078,5502.78076171875,4.896378975261855,5.14595410823822,0.0,0.6480341555038467,39.64790440802499,40.35209559197501,1
adaptive_0.12,medium,"having this documentation site structure, how would you organize this better for...",211,128,0.12,227.06123813986778,5.609499718993902,5.83666118606925,21.93034612074214,45.59891551616602,44.168474196683704,43.52642968297005,44.26438882946968,46.774575486779185,77.157624065876,11.794852319791914,502.5895317282862,515.9373426001481,4030.760489063657,88.83330172413794,3011.3514619979974,5471.234375,4.914275330211235,5.1402606725692745,0.4122262358665466,0.5332415705998591,39.04770558157305,40.95229441842695,0
adaptive_0.12,long,Please make the following this to a dialogue for me as a chairman and Dr.Hasan a...,445,128,0.12,353.6318354308605,5.582802444696426,5.936616692692041,21.56110232913768,46.37981791165657,43.95793871147426,42.99716278910637,43.81272494792938,44.39254216849803,92.67435222864151,29.671399421092126,559.1804741311371,590.8625443038159,4616.113627373561,99.7352151898734,3507.724443600524,5506.65087890625,4.954547362815678,5.1560307204723355,0.0,0.6521890606606499,38.810911346373594,41.189088653626406,0
adaptive_0.12,short,I have significant teeth overbite which makes it difficult for me to quickly and...,29,128,0.12,80.46149089932442,5.5683563798666,5.648893482983112,22.659304939204617,44.131980335805565,43.84445636643199,43.461110442876816,44.38175857067108,44.621359556913376,66.24221801757812,2.8800982801057398,498.26036003016304,502.5810593022145,3926.4145257985506,89.29721333333333,2839.0268705630288,5445.40478515625,4.959277003628063,5.155527806282043,1.9015567660331725,0.3816077584399799,38.672691636432816,41.327308363567184,0
adaptive_0.12,medium,You are a professional developer that builds very robust SAAS. You are also an e...,201,128,0.12,145.36354690790176,5.628771208226681,5.7742591612041,22.167345875294643,45.11139969690703,44.31984802400033,43.603308498859406,44.47702169418335,44.95106711983681,75.71391388773918,5.646882286220789,506.6946364161223,514.7348996576368,4021.366403575287,89.60026956521739,2972.212709939582,5469.7578125,4.89704665339838,5.146513348817825,0.6257390141487121,0.5862736748135615,39.191277888346846,40.808722111653154,0
adaptive_0.12,medium,"cs3492 Based on the syllabus outlined below, Write multiple choice questions and...",129,128,0.12,204.6809308230877,5.537198930978775,5.741965487599373,22.29201834745176,44.8591053718701,43.59917550927072,43.40072348713875,44.18041482567787,44.52979676425456,64.00813534855843,12.106580572146921,490.2608129369151,504.5324931490385,3941.660102726863,88.22789082969433,2897.008163034246,5457.73291015625,4.9909570846970635,5.145068085193634,2.206184184551239,0.28736713005095393,38.40869096085781,41.59130903914219,0
adaptive_0.12,medium,"hi could you pleasse help me, i need to send an email this is the information , ...",151,128,0.12,171.1708828806877,5.60100868716836,5.7722718343138695,22.174977837857654,45.095873705577105,44.10160643847909,43.49816590547562,44.472623616456985,48.204739019274655,70.75995206832886,7.386239464256913,505.47951536118796,514.3481998485047,4018.345311316443,89.56167391304348,2968.957627015565,5463.07275390625,4.923629280713601,5.165028190612793,1.2857555508613585,0.4840366414710178,38.96975599405334,41.03024400594666,0
adaptive_0.12,long,I am a product designer. My company is a one-to-one online tutoring platform. We...,964,128,0.12,834.969449788332,5.529819693416357,6.365016166120768,20.1099253575048,49.7266887978185,43.540814554128126,43.08108985424042,43.80657225847244,43.919702991843224,95.51586210727692,66.72080305700376,563.784012890173,634.0835510784705,4953.77774280055,99.85270472440945,4035.952053285728,5649.208984375,5.014547484409153,5.149533516168594,0.0,0.45291371145146425,38.33388701433272,41.66611298566728,0
adaptive_0.12,short,I wrote a script to run on a website. I run it in the chrome console. What's the...,29,128,0.12,99.23283755779266,5.572235509753227,5.671552438288927,22.568776607947015,44.30900342413224,43.87503252254697,43.42883452773094,44.30806264281273,44.44564245641231,65.93716889619827,3.0838105367049575,506.5534504432827,511.16974892071636,3993.5136634430964,90.58040265486727,2899.1260358708273,5445.40478515625,4.9552929763718865,5.153591251373291,1.9424072563648223,0.4114480653166624,38.70589186356762,41.29410813643238,0
adaptive_0.12,medium,"Okay so the browser console says it has posted successfully...

Token being sent...",195,128,0.12,174.4452267885208,5.609512746334076,5.784068159759045,22.129753050028423,45.188032498117536,44.168573195540056,43.70864853262901,44.56436336040497,44.943131506443024,82.61227235198021,10.93313414120674,512.7922531774548,527.6216412779187,4122.04407248374,91.60384347826086,3051.7995357154177,5468.962890625,4.91860707496095,5.126198744773864,0.0,0.47881663812169867,39.031966112730075,40.968033887269925,0
adaptive_0.12,long,where in this code should the exploration/exploitation 'recommend\_items' functi...,908,128,0.12,586.3351970911026,5.499758139252663,6.086317576467991,21.030779020617736,47.54935606615618,43.30432857936761,43.04992035031319,43.785396218299866,43.91027353703976,61.773836612701416,45.6754532786142,505.42731251073815,553.3895347147434,4323.355739958933,91.1563374485597,3368.104451767786,5630.1455078125,5.030225504664926,5.14820716381073,2.5007461667060853,0.2353321749516583,38.0814541277923,41.9185458722077,0
adaptive_0.12,medium,I am a digital marketing agency and looking to create an shared mailbox for my b...,75,128,0.12,102.93479263782501,5.655563332140446,5.758567288517952,22.227751033702447,44.9888069415465,44.53119512383393,43.61138120293617,44.369153678417206,44.56545189023018,132.398571819067,4.963461675371974,508.34003636772184,516.0367134681046,4031.536823969567,90.23334210526318,2971.6321378517387,5450.7099609375,4.922400795615565,5.134543544054031,0.0,0.5469279006461625,39.39160405416188,40.60839594583812,1
adaptive_0.12,long,Please summarize this data with the highest quality data: The consumer electroni...,286,128,0.12,266.8338343501091,5.604266311973333,5.8712150156497955,21.801279574809378,45.86886730976403,44.12725057423584,43.07878762483597,43.966805934906006,44.18199025094509,95.92938050627708,26.872265660580247,538.2773462206684,569.2395232900606,4447.183775703598,97.42007264957265,3342.127636641935,5482.60498046875,4.9346476035793945,5.135368770360946,0.0,0.6238804411844651,39.00312289126276,40.99687710873724,0
adaptive_0.12,short,Give me a pitch deck for a presentation to venture capitalists and angel investo...,18,128,0.12,78.51900160312653,5.571741510182619,5.650329411029816,22.653546490605585,44.143198523670435,43.87116317791263,43.6299592256546,44.488171488046646,44.611771404743195,62.9388727247715,2.8470165318623186,489.58638842244636,493.86838390242684,3858.34674923771,87.83978222222223,2790.5190547416464,5443.94482421875,4.961634415435041,5.129241263866424,2.3550369501113892,0.2786064140122969,38.65304653804133,41.34695346195867,0
adaptive_0.12,long,You made a mistake. Xiao (Chinese: 魈 Xiāo) is a playable Anemo character in Gens...,818,128,0.12,551.1713586747646,5.496901739388704,6.048279799520969,21.16304209506606,47.25218593375757,43.28166678782523,42.99122095108032,43.89646872878075,43.94836537539959,58.652907609939575,43.3754656282775,509.29596635734106,554.6526071876566,4333.223493653567,92.11685062240664,3354.694159804743,5599.2216796875,5.033453764971787,5.144458329677581,2.924677348136902,0.20117429311522986,38.05455195856845,41.94544804143155,0
adaptive_0.12,long,Write a 500-800 word linkedin article about putting the human in the center of c...,367,128,0.12,299.79071021080017,5.62796526402235,5.927901152521372,21.5928026980606,46.31172775407322,44.313860103839964,43.585918843746185,44.39302086830139,44.87920366227627,86.65258809924126,22.064254623949527,508.29232810864033,532.488720601948,4160.068129702719,90.32090254237288,3156.540500560918,5494.576171875,4.902004711552869,5.131372725963592,0.0,0.6224369570494375,39.202064451739545,40.797935548260455,0
adaptive_0.12,short,can please write another email when the cart is about to close?Share Prompt,15,128,0.12,103.0842699110508,5.842362403869629,5.945516753941774,21.528826727321594,46.44934964017011,46.002067273526684,43.65517944097519,51.582181453704834,51.91448666155338,69.00260597467422,4.320288710962981,559.9640137799959,565.7164215528164,4419.659543381378,95.53704219409283,3363.4764623222577,5443.58935546875,4.670273526540893,5.172436451911926,1.5250197708606719,0.6354365562351963,41.08105394549257,38.91894605450743,0
adaptive_0.12,medium,"When I ask you anything, you'll answer me in this format:

A: [Answer as you nor...",177,128,0.12,160.4759767651558,5.540098030120134,5.700654122978449,22.453563615454573,44.53636033576913,43.62172255013871,43.12139004468918,44.073738902807236,44.33851279318333,70.35442814230919,9.83840028198436,498.8556642009131,510.96095315498115,3991.88244652329,90.24709251101322,2912.8116642839414,5465.99658203125,4.98738813456588,5.173465526103973,1.3401601374149321,0.4711541819326516,38.43843221195101,41.56156778804899,0
adaptive_0.12,medium,E0129 00:14:33.428052 22066 memcache.go:238] couldn't get current server API gro...,84,128,0.12,150.59462934732437,5.608391378074884,5.75907377153635,22.22579620921463,44.992763840127736,44.1597565187244,43.34278032183647,43.99256333708763,44.24331597983837,150.63220635056496,6.1950065541043875,498.31994153573,508.5371613980607,3972.946573422349,88.53730000000004,2928.703028059119,5451.77734375,4.991130353005853,5.181877380609512,0.0,0.46881083238578414,38.96238062325425,41.03761937674575,1
adaptive_0.12,short,list me all the msal libraries,7,128,0.12,80.70476353168488,5.529422879219055,5.61018943041563,22.815628881628893,43.82960492512211,43.537713440619115,43.32967475056648,44.32277008891106,44.84597183763981,59.87241491675377,3.0042061453536153,500.3524453951046,504.9243448813707,3944.7214443857088,90.28424107142857,2832.7212228130024,5442.64013671875,5.009508720626982,5.181303387880325,2.7767825782299043,0.2362558833637881,38.254093994775154,41.745906005224846,0
adaptive_0.12,medium,"I want you to act as an English editor, spelling corrector and improver. I will ...",175,128,0.12,172.40270972251892,5.496499307453632,5.669016540050507,22.57887220749926,44.28919171914458,43.27871104863685,43.05369779467583,43.73764619231224,43.92824470996857,63.316527754068375,8.820129654735329,498.9398646758832,510.2475077772401,3986.3086545096885,90.39830088495575,2892.6015611087237,5465.76904296875,5.03330623291609,5.176349347829818,2.286433643102646,0.27743714347689713,38.05578139236593,41.94421860763407,0
adaptive_0.12,long,"Good evening, here is some code:
export class Body extends React.Component{
 ren...",342,128,0.12,325.2275101840496,5.586364649236202,5.9117019437253475,21.651971161343578,46.18517143535428,43.986093927556134,43.37838664650917,44.269465655088425,44.54096294939518,73.6149214208126,24.497518161240965,549.8081589540634,576.818143153323,4506.391743385337,97.85539830508475,3409.9769380555454,5490.7060546875,4.9404962007455016,5.169246858358383,0.8829968333244324,0.532879632028809,38.829198327120835,41.170801672879165,0
adaptive_0.12,long,"I have a model.pth now and template with index.html, style.css, main.js and have...",280,128,0.12,203.12189683318138,5.539284061640501,5.742502447217703,22.289933905386007,44.863300368888304,43.61561524469083,42.71182045340538,43.718284368515015,43.7982153147459,78.88508215546608,14.297056940320878,501.3294903199841,517.4843582115751,4042.8465485279307,90.48997379912663,2971.6551934268523,5481.88134765625,4.987215301042468,5.165121173858642,0.17670950889587403,0.5944509257674745,38.43987249131278,41.56012750868722,0
adaptive_0.12,short,You can only get answer from the choices I give. But try to explain your choice....,56,128,0.12,130.64495101571083,5.492683127522469,5.623404990881681,22.762009886812574,43.932851491263136,43.24793504683051,43.075043708086014,43.954579532146454,44.145505875349045,55.59035390615463,6.279594974581151,497.55774332529677,505.9496424417496,3952.7315815761685,90.35845089285714,2845.1597444417366,5448.68017578125,5.038848201214799,5.18201864361763,3.3588174641132356,0.21566525966584568,38.00959832321002,41.99040167678998,0
adaptive_0.12,long,I writing this piece of content that could start on Twitter and graduate to long...,327,128,0.12,282.91288390755653,5.599939327687025,5.882986281067133,21.757657401298868,45.960830320836976,44.09319907426834,43.24126988649368,44.029174745082855,44.4424320012331,93.65566447377205,19.545743662483993,502.26796280576843,524.3203743511419,4096.252924618297,89.31873191489359,3084.5695691917513,5489.2685546875,4.9384794383537125,5.167891001701355,0.0,0.6613135675394729,38.953257709976256,41.046742290023744,0
adaptive_0.12,short,"I want to improve my English listening ability.
Can you give me 20 TV shows from...",45,128,0.12,92.71973371505737,5.498851235955954,5.591646067798138,22.891291481616157,43.68473490467295,43.297235949302284,42.90786385536194,43.75052526593208,44.1601287573576,71.46945595741272,2.9710441540926693,499.9076109420285,504.36290665724505,3940.335208259727,90.58509865470855,2820.2188637532236,5447.94384765625,5.031980408552126,5.201928681135177,1.1878120064735411,0.3776955584455689,38.0668299287323,41.9331700712677,0
adaptive_0.12,short,Let's update the outline so that we consider the following principals as themati...,62,128,0.12,105.16069456934929,5.512639913707972,5.617867764085531,22.784445162324975,43.88959190691821,43.40560966002659,43.281957507133484,44.129010289907455,44.41402778029441,50.01191422343254,4.417071362737566,546.1582992963697,552.0460705668199,4312.859926303281,98.55725892857143,3101.321824127424,5449.16552734375,5.0199286028156145,5.184279298782348,4.129343247413635,0.14682276915308498,38.167261643203226,41.832738356796774,0
adaptive_0.12,short,"Suggest a study plan which I can follow
and some online lecture materials which ...",24,128,0.12,119.19455975294113,5.85648150742054,5.975742343813181,21.41993289461706,46.685487061040476,46.11307056987379,43.6219722032547,51.43745765089989,51.56188905239105,67.77346134185791,4.408820649839938,517.0471035507303,522.9114184124824,4085.2454563475185,87.72185294117646,3124.783905070882,5444.65673828125,4.650387213549277,5.17563230395317,1.7327233314514159,0.6239396042261672,41.246773220422696,38.753226779577304,0
adaptive_0.12,short,Write a report on Marshall AI,6,128,0.12,76.18363946676254,5.772008880972862,5.848269462585449,21.886816402507684,45.68960517644882,45.44804022302778,43.400995433330536,44.36700791120529,44.58099082112312,268.42736452817917,4.4088243875950575,535.7638332266193,541.6395321993064,4231.558845307081,92.78935622317596,3167.6539358902714,5442.52099609375,4.9416521149826815,5.141543662548065,0.0,0.548824842014899,40.30224079574187,39.69775920425813,1
adaptive_0.12,long,rewrite my generateScreenshot function so the logic is similar to this rest endp...,510,128,0.12,404.85236421227455,5.6579919420182705,6.063079170882702,21.11138522068234,47.36780602252111,44.5502737141031,43.81118714809418,44.56661939620972,44.831280410289764,107.91611671447754,33.19580734746903,503.6785537960437,539.2345885174293,4212.7702227924165,89.14769834710744,3269.42200185953,5518.47265625,4.893727108296448,5.114285266399383,0.0,0.5551429611536488,39.43765764748018,40.56234235251982,1
adaptive_0.12,short,can you show it in code?,7,128,0.12,80.40165901184082,5.5393680818378925,5.619833596050739,22.77647510594446,43.9049499691464,43.61618832340391,43.35112124681473,44.34811174869537,44.52230930328369,61.3461509346962,2.9797212606891987,499.20196823349033,504.8179637525808,3943.8903418170376,90.14487053571429,2836.992952586678,5442.64013671875,4.989915944084409,5.138905709981918,2.585754758119583,0.24426152435639242,38.417367132629934,41.582632867370066,0
adaptive_0.12,short,Which party has the higher conditional probability of retweeting a MoC? Why did ...,48,128,0.12,93.17035228013992,5.5407921969890594,5.634043671190739,22.719028724345613,44.015966181177646,43.6271644952729,43.46006736159325,44.19964402914047,44.67473328113556,55.693045258522034,2.856225924834609,559.6936295074318,564.7783247422949,4412.3306620491785,100.44006222222224,3181.9857461400343,5448.08251953125,4.987736987175905,5.138935214281082,3.340600794553757,0.20480238124930406,38.435525106867466,41.564474893132534,0
adaptive_0.12,long,"Web search results:

[1] ""The World Economic Forums Annual Meeting 2023 was held...",416,128,0.12,376.2441426515579,6.365935627371073,6.742383725941181,18.98438374361914,52.67487285891548,50.12463851589856,51.236141473054886,51.97129622101784,52.2002000361681,101.18599981069565,24.49001899752207,528.9416848891526,555.444964693861,4339.41378667079,82.61199256505577,3745.0230906078627,5502.16162109375,4.127112323655859,5.163829243183136,0.0,0.703237839398162,45.77312507028655,34.22687492971345,1
adaptive_0.05,medium,Initialization: Create an initial population of candidate solutions (often rando...,140,128,0.05,193.27910616993904,5.067057728767395,5.260426539927721,24.33262759748732,41.09708234318532,39.897292793735744,39.68868777155876,40.317777544260025,40.47105014324188,54.511405527591705,10.6420795378983,513.3734644393231,526.181089389762,4110.789760857515,100.27629523809523,2767.936967433984,5459.43505859375,2.121263638256103,2.1564393267035484,1.3511934280395508,0.07129288984566426,37.57472723487794,42.42527276512206,0
adaptive_0.05,medium,Rewrite the documents above (Month 4 and Month 11) and label the months with the...,82,128,0.05,141.60996675491333,5.018452599644661,5.160137813538313,24.80553904280906,40.31357666826807,39.51457301228065,39.35863822698593,39.579106867313385,39.74393084645271,51.30121111869812,7.223550029465929,512.6417192585916,522.0303633315507,4078.3622135277396,101.53652427184466,2693.748617642279,5451.5400390625,2.1405146845330405,2.164302669465542,1.520267590880394,0.06017971243945275,37.18970630933919,42.81029369066081,0
adaptive_0.05,long,You are a partner in a commercial team at a large global law firm based in the U...,662,128,0.05,419.5788726210594,5.261719524860382,5.681545220315456,22.52908232470128,44.3870720337145,41.43007434024586,39.86689820885658,40.426380932331085,40.551868453621864,129.05295938253403,32.042081468444316,523.9319458832834,558.4591209883001,4362.961882721094,98.92341150442479,3172.910749592648,5544.6943359375,2.07741332101071,2.1547214090824127,0.0,0.29653156388224333,39.15243622238242,40.84756377761758,2
adaptive_0.05,short,write some code that removes whitespace in js,8,128,0.05,73.97615164518356,5.043809033930302,5.117853213101625,25.01048675493896,39.98322822735645,39.71401778027767,39.488524198532104,40.16542583703995,40.319301187992096,48.09818044304848,1.6338099919259548,561.3175436635986,564.5733465932831,4410.729270260024,110.81560784313724,2889.4035158939714,5442.75830078125,2.1308550507886204,2.1610257178545,1.6901065558195114,0.04876118984251379,37.382898984227594,42.617101015772406,0
adaptive_0.05,short,compile a list of all pokemon mentioned in any prompt above including the gym le...,46,128,0.05,96.7646911740303,5.085578203201294,5.182417009025812,24.69890010338272,40.48763288301416,40.04309003747354,39.29206356406212,39.62223827838898,40.19736647605896,78.10844853520393,3.241772032387555,519.9940789974518,524.8526465393342,4100.4113010885485,101.59826086956518,2720.005282657658,5447.98974609375,2.112777076426923,2.164737969636917,0.10887374728918076,0.233911705930714,37.74445847146154,42.25554152853846,0
adaptive_0.05,medium,Write a story about a mother taking her toddler daughter to the bathroom after a...,94,128,0.05,166.85574129223824,5.093728344887495,5.260652929544449,24.331580454801887,41.09885101206601,40.107057026521424,39.69158232212067,40.41329026222229,40.5953336507082,73.61175119876862,8.333118813455105,515.4128433766421,526.239485802954,4111.245982835579,100.33830476190477,2768.363292631275,5453.6142578125,2.1102440550219357,2.1610942631959915,0.3474763557314873,0.16198663291185902,37.79511889956129,42.20488110043871,0
adaptive_0.05,long,"Act as the prompt generator and I will give you the main keywords by: Product, F...",408,128,0.05,304.24752086400986,5.111305378377438,5.41571756452322,23.634910512780525,42.31029347283766,40.245453907748846,39.344798773527145,40.120039880275726,40.32714627683163,97.26889431476593,25.041136743064968,520.0331382899396,547.3263698338941,4275.987264327297,101.53768981481483,2964.165034636152,5500.92333984375,2.109457808334058,2.1611624360084534,0.0,0.22083065312491992,37.946505956058424,42.053494043941576,0
adaptive_0.05,long,"Tables:
CREATE TABLE `crm\_account` (
 `CustomerID` varchar(255) NOT NULL,
 `Cus...",881,128,0.05,582.7561356127262,5.042256690561771,5.625177979469299,22.754835574478303,43.9467029646039,39.70200694569453,39.434850215911865,40.25462195277214,40.31647704541683,49.59955811500549,50.29299921650067,528.4363517502956,581.4077675744406,4542.248184175318,103.91639732142858,3270.522171252148,5620.66796875,2.131300145246851,2.1601178646087646,1.60525431483984,0.051036393669687666,37.373997095062975,42.626002904937025,0
adaptive_0.05,medium,Write me a story about Jack and Phil on a construction site. Jack is having a ba...,95,128,0.05,135.5821043252945,5.579308524727821,5.714947775006294,22.39740502263103,44.648029492236674,43.930451583674575,40.028270334005356,49.76714104413986,49.94204565882683,71.19530811905861,8.336172343865037,573.465115443198,584.2198639103901,4564.217686799923,102.88481497797356,3338.786011369164,5453.697265625,1.9129711811350087,2.1701603159308434,0.47563379257917404,0.2998832940152156,41.740576377299824,38.259423622700176,0
adaptive_0.05,short,generate the job descriptions for the developers respectively,8,128,0.05,98.40156883001328,5.141541797667742,5.2400214821100235,24.427380772579898,40.93766782898456,40.483755770865386,39.679497480392456,40.20968675613403,40.39150215685367,77.02628150582314,3.6851658188179135,535.2313984121997,541.5877267331965,4231.154115103098,103.84481339712919,2837.931322529083,5442.75830078125,2.0899468049641667,2.1476889923214912,0.1660550907254219,0.2367877308650864,38.20106390071666,41.79893609928334,0
adaptive_0.05,short,Why do IT companies file patents on software?,9,128,0.05,106.68399557471275,5.201893929392099,5.308636020869017,24.111654951820668,41.47371891303919,40.95864586356118,39.69573229551315,39.988501369953156,40.16116410493851,168.3744266629219,4.749867376565933,507.4853119971007,514.0633664153908,4016.12005012024,97.14369811320755,2728.9753039619313,5442.87744140625,2.1015251502394676,2.1434108689427376,0.0,0.2110551163223375,38.66432395976359,41.33567604023641,1
adaptive_0.05,medium,5. Explain the impact of the following transactions on a company's income statem...,126,128,0.05,153.0054248869419,5.164680570363998,5.317763015627861,24.0702715829632,41.545023559592664,40.665944466206035,40.27792811393738,40.81321358680725,40.9014992415905,67.74210184812546,7.905673198904842,518.1291482683421,528.1143488822095,4125.893350642262,99.75124056603774,2808.3869525082027,5457.2666015625,2.0811482031396995,2.133215866982937,0.6551428660750389,0.1431856763106444,38.37703593720601,41.62296406279399,0
adaptive_0.05,medium,I want you to act as a cyber security specialist. I will provide some specific i...,81,128,0.05,106.45707324147224,5.160431429743767,5.266954451799393,24.302469514668065,41.148081654682755,40.63224155954489,40.07726535201073,40.7826267182827,40.96127487719059,62.90949881076813,4.654777508564294,511.8553329170887,518.0622117914577,4047.361029620763,98.65228095238095,2728.610072704058,5451.421875,2.08276079477757,2.142886720597744,0.9098171219229698,0.15828355996678536,38.34478410444861,41.65521589555139,0
adaptive_0.05,long,"// store/inventorySlice.ts

import {createSlice, current} from '@reduxjs/toolkit...",699,128,0.05,623.9009387791157,5.096717022359371,5.720854833722115,22.374278621001185,44.69417838845402,40.130427796540296,39.87519070506096,40.460097044706345,40.61063788831234,57.02383816242218,44.207888778369885,515.775720526291,562.025149567144,4390.821480993312,98.56448684210524,3215.2642935745903,5557.44921875,2.1088940332841686,2.133891448378563,1.2149437293410301,0.08107235771130601,37.82211933431663,42.17788066568337,0
adaptive_0.05,medium,Create a powershell script that allows me to choose several different .csv files...,84,128,0.05,124.84552711248398,5.092671677470207,5.217592507600784,24.532387267410137,40.76244146563113,40.098934749684,39.82805088162422,40.563326328992844,40.63253179192543,46.999767422676086,5.938500845007598,555.3904200728405,563.4882138122246,4402.251670408004,108.16471634615384,2940.0518825080117,5451.77734375,2.1105450203451586,2.1351425871253014,1.7460384368896484,0.04625665958538541,37.78909959309683,42.21090040690317,0
adaptive_0.05,long,"please implement and modify this code with the code you have provided

php
 $jso...",802,128,0.05,555.5322431027889,5.096082556992769,5.651810057461262,22.6476117736866,44.15476607391611,40.125533674410946,39.81361538171768,40.63216149806976,40.730246156454086,54.67614904046059,50.40945455479808,517.6857567333634,570.0853726515397,4453.791973840154,101.37503555555556,3222.0142427635237,5592.9580078125,2.1092462990814305,2.139265552163124,1.3381420597434044,0.07138381752642184,37.815074018371384,42.184925981628616,0
adaptive_0.05,short,can you write me a rap song about rainbows and unicorns in the style of Joyner L...,20,128,0.05,137.42871582508087,5.4242076352238655,5.5617161095142365,23.01447925057426,43.45090710557997,42.70769060244711,39.66384753584862,40.03467038273811,40.40449447929859,378.1876973807812,9.598058047128841,533.5341560701132,546.7996644013022,4271.872378135173,98.64395045045045,3041.1445021777004,5444.18212890625,2.096400803703023,2.1467440724372864,0.0,0.24436708943298036,40.418906680007616,39.581093319992384,1
adaptive_0.05,medium,"we currently named our business ""muscles and meows"" because we jokingly admit to...",143,128,0.05,224.9409519135952,5.1818775571882725,5.406907211989164,23.673422713113226,42.24146259366535,40.801349528661866,40.230512619018555,40.743040293455124,40.92996083199978,69.67343762516975,11.349252890124918,510.18175328096754,523.3796048654021,4088.9031630109544,97.2622976744186,2829.864960154782,5459.89990234375,2.074011616115495,2.137613944709301,0.5608276426792145,0.2019019350979125,38.5197676776901,41.4802323223099,0
adaptive_0.05,long,"Web search results:

[1] ""Writing a summary is a great way to process the inform...",364,128,0.05,281.57174959778786,5.153237499296665,5.434895168989897,23.551512222413198,42.46011850773357,40.57564618667279,39.79744389653206,40.03227949142456,40.859418362379074,77.4395577609539,29.869950848232957,521.5684594666325,554.518732612528,4332.177598535375,102.31521658986175,3013.7511809902285,5494.111328125,2.085121555239197,2.1376487761735916,0.13892622292041779,0.24563969206581204,38.29756889521607,41.70243110478393,0
adaptive_0.05,short,Write a business proposal for the need of an IT intern for a semi-conductor manu...,18,128,0.05,100.94591975212097,5.11946114897728,5.220488276332617,24.518779321906603,40.78506465884857,40.309884211444476,39.99863564968109,40.57999178767204,40.67548327147961,61.18832528591156,4.713786548338831,552.1665979811754,558.4145791503023,4362.613899611737,107.4966153846154,2915.1967637873654,5443.94482421875,2.099745553368189,2.1448352336883545,1.0003534108400345,0.11414855252077193,38.00508893263621,41.99491106736379,0
adaptive_0.05,medium,"async get\_file\_type(file\_name: string): Promise {
 const file\_type\_extensio...",201,128,0.05,149.4579203426838,5.160465311259031,5.31002227589488,24.10536026959107,41.48454903042875,40.63275432962132,39.89474102854729,40.08002579212189,40.22863507270813,68.78732889890671,6.960563074862584,513.4680677981023,522.8867179839126,4085.0524842493173,98.81912264150944,2776.54012026414,5469.7578125,2.081984469212416,2.138037510216236,0.5945163741707802,0.21617423023372448,38.360310615751686,41.639689384248314,0
adaptive_0.05,short,"now a similar, more gracile, closely-related one",11,128,0.05,80.83779737353325,5.2761122062802315,5.357016291469336,23.893897840824344,41.851689777104184,41.54316532447582,39.90194946527481,40.61083048582077,40.75294993817806,215.26717394590378,6.2787803316116335,539.5070545076244,548.3803405951858,4284.221410899889,102.64854929577464,2937.6824184899133,5443.11474609375,2.0909265116091786,2.1440676376223564,0.0,0.19709891202480118,39.24526247804559,40.75473752195441,1
adaptive_0.05,long,covert this into instagram text video reel which will have a bacground song'How ...,368,128,0.05,338.0609415471554,5.202528636902571,5.540727622807026,23.101658972211496,43.28693455317989,40.963913101380264,39.89714756608009,40.68399891257286,40.9221637994051,94.33945268392563,23.919840124910696,515.4890531963129,541.8209639756828,4232.976281060022,98.17772727272727,3002.0823817159962,5494.73046875,2.070869250912366,2.1330063194036484,0.0,0.2595442271161851,38.695248826516895,41.304751173483105,0
adaptive_0.05,medium,"Now I get this:
UDP server listening on 0.0.0.0:50055
Received 8 bytes from 10.1...",171,128,0.05,148.83456006646156,5.163720607757568,5.3126713037490845,24.09334074736979,41.50524456053972,40.658378988269746,39.95135426521301,40.785736590623856,40.95339961349964,73.01579788327217,6.256806840028614,510.7949575337209,519.4032510388196,4057.8378987407777,98.12411320754715,2759.418746867919,5465.31396484375,2.0812759952634337,2.1344904750585556,0.37218043208122253,0.19602149886720396,38.374480094731325,41.625519905268675,0
adaptive_0.05,long,Below is some data from a file. What file format do you think this data is from?...,972,128,0.05,564.6461620926857,5.413706544786692,5.978593718260527,21.409717072603094,46.707763423910365,42.62682029933441,40.03040865063667,49.24953281879425,49.488797411322594,77.2383101284504,48.528249597745024,553.7449290951192,604.8785272674131,4725.613494276665,101.63020168067226,3616.322963431635,5651.646484375,1.9814679970539462,2.159343935549259,0.1510324850678444,0.2783380136478792,40.370640058921076,39.629359941078924,0
adaptive_0.05,medium,Please write a program which asks for tomorrow's weather forecast and then sugge...,253,128,0.05,136.85007765889168,5.13851747661829,5.275437965989113,24.263388333863343,41.214359109289944,40.459743869586255,39.48317840695381,40.24939611554146,40.56844636797905,92.69678592681885,9.293414140567183,545.8222148219402,557.8704681534898,4358.363032449139,106.09729047619048,2943.0110478010406,5478.6240234375,2.0962068876764905,2.154890723526478,0.0,0.23651305933449304,38.17568417257211,41.82431582742789,0
adaptive_0.05,short,"the last response got cut, could you generate again the javascript file?",14,128,0.05,99.70174729824066,5.3425437323749065,5.442323818802834,23.519364937045697,42.51815483439714,42.066456706035794,39.52641040086746,40.19198939204216,40.333626046776764,301.35810002684593,3.047116496823728,526.0906975279879,530.6554448687416,4145.745663037043,97.91863133640554,2887.998767186566,5443.47021484375,2.098792701138286,2.1632664799690247,0.0,0.23104516666593022,39.76612846095731,40.23387153904269,1
adaptive_0.05,long,"You are AdventBot, a chatbot that solves small coding puzzles from Advent of Cod...",420,128,0.05,348.0275347828865,5.134433273226023,5.482652153819799,23.346365300746204,42.83321995171718,40.427814318439154,39.941225200891495,40.387751907110214,40.54783582687378,77.4877481162548,28.07081600402668,521.1964846576118,551.958734364979,4312.177612226398,100.90054337899542,3026.1977437858027,5502.78076171875,2.0982021186647453,2.1539538130164146,0.14261183887720108,0.18919478519134325,38.03595762670509,41.96404237329491,0
adaptive_0.05,medium,"having this documentation site structure, how would you organize this better for...",211,128,0.05,215.78456461429596,5.078883808106184,5.294762875884771,24.174831432580596,41.365334967849776,39.990115470773596,39.54941779375076,40.13180509209633,40.42718559503555,55.4848276078701,12.150227995444089,520.2899700997789,534.3871928998101,4174.899944529766,101.47200000000002,2829.4534703141885,5471.234375,2.1158312043453766,2.1499508023262024,1.3002614453434944,0.11414863616368129,37.68337591309247,42.31662408690753,0
adaptive_0.05,long,Please make the following this to a dialogue for me as a chairman and Dr.Hasan a...,445,128,0.05,325.3633752465248,6.109513983130455,6.435090277343988,19.89094083895752,50.27414279174991,48.10562421839068,48.86602237820625,49.61046874523163,49.68724697828293,91.2691131234169,24.431583172092214,522.6609499315358,549.6654857714753,4294.261607589651,85.9864765625,3537.1470232795814,5506.65087890625,1.6941873231741387,2.1552859768271446,0.0,0.28365101575331914,46.2038373559948,33.7961626440052,0
adaptive_0.05,short,I have significant teeth overbite which makes it difficult for me to quickly and...,29,128,0.05,104.83376681804657,5.11844976618886,5.223364278674126,24.505279197661267,40.80753342714161,40.30195254040515,39.682090282440186,40.190886706113815,40.3013214468956,76.78404077887535,5.877600179906935,546.3435458345302,554.6111150318087,4332.899336186006,106.83597596153847,2896.935886812776,5445.40478515625,2.0999079584254057,2.1587128713726997,0.18036188185214996,0.21302379096481242,38.00184083149189,41.99815916850811,0
adaptive_0.05,medium,You are a professional developer that builds very robust SAAS. You are also an e...,201,128,0.05,157.59113803505898,5.146803751587868,5.304475262761116,24.130567805376607,41.44121299032122,40.52504668320258,39.586879312992096,40.349479019641876,40.72248712182045,78.25639098882675,10.02678926625848,520.2492407667842,533.3176134647039,4166.543855192999,100.75276886792453,2828.970087818316,5469.7578125,2.088069921579417,2.1522727757692337,0.09604533761739731,0.24958871046775088,38.23860156841165,41.76139843158835,0
adaptive_0.05,medium,"cs3492 Based on the syllabus outlined below, Write multiple choice questions and...",129,128,0.05,152.8041958808899,5.03139453753829,5.184305928647518,24.689900974534627,40.502390067558736,39.616481643023455,39.44794833660126,40.11997506022453,40.29736705124378,44.590406119823456,7.16314462495409,530.3572779575046,539.0489910891838,4211.320242884249,104.2593913043478,2794.594880335119,5457.73291015625,2.1354547972519566,2.156788945198059,1.8681979700922966,0.032189358558548854,37.29090405496087,42.70909594503913,0
adaptive_0.05,medium,"hi could you pleasse help me, i need to send an email this is the information , ...",151,128,0.05,133.77908244729042,5.132730007171631,5.26659107580781,24.304146298346673,41.145242779748514,40.41438584956597,39.714694023132324,40.392808616161346,40.83792120218277,71.13608345389366,6.318135527912528,512.0315725382305,519.8609048701487,4061.4133192980366,99.16379047619048,2737.894802250498,5463.07275390625,2.0939262099270746,2.1582747772336006,0.4759698137640953,0.1826898602681458,38.12147580145851,41.87852419854149,0
adaptive_0.05,long,I am a product designer. My company is a one-to-one online tutoring platform. We...,964,128,0.05,541.46758466959,5.602574426680803,6.144261833280325,20.832445535880233,48.00204557250254,44.11393093077216,40.35177081823349,49.93068873882294,50.07452704012394,89.94665741920471,58.47540408793464,539.7325634443108,600.2610589077119,4689.539522716499,98.0494775510204,3688.161114251087,5649.208984375,1.903750506149033,2.1531040742993355,0.0,0.3090506741338538,42.002904250865846,37.997095749134154,0
adaptive_0.05,short,I wrote a script to run on a website. I run it in the chrome console. What's the...,29,128,0.05,70.18036395311356,5.063418556004763,5.13365662842989,24.933494634437274,40.10669240960851,39.86840008750675,39.65877741575241,40.10428637266159,40.7157264649868,48.95700886845589,1.6026297827214002,556.1466408989858,559.3542845516781,4369.955348059985,109.25485853658536,2871.532830529381,5445.40478515625,2.122405375199994,2.147382400929928,1.644183412194252,0.04910482894216641,37.55189249600012,42.44810750399988,0
adaptive_0.05,medium,"Okay so the browser console says it has posted successfully...

Token being sent...",195,128,0.05,157.78309851884842,5.148214902728796,5.306093480437994,24.123208622670962,41.45385531592183,40.53629092930809,39.81446847319603,40.64560979604721,41.081393510103226,61.87533214688301,7.871757506558671,513.5614649819453,524.1233357236013,4094.713560340635,99.02863207547169,2781.0474146284146,5468.962890625,2.0872651635427175,2.138764873147011,0.9665134325623512,0.16829125489903227,38.25469672914565,41.74530327085435,0
adaptive_0.05,long,where in this code should the exploration/exploitation 'recommend\_items' functi...,908,128,0.05,957.5559869408607,5.135878197848797,6.0936694629490376,21.00540581964127,47.606792679289356,40.43913186769786,39.871104061603546,40.392930060625076,40.76586924493313,99.274180829525,72.41559180662782,532.4269600851648,608.1483075533621,4751.158652760641,100.00780658436214,3705.8547706820623,5630.1455078125,2.1003581971868757,2.136637918651104,0.0,0.18773695341526822,38.14420329890852,41.85579670109148,0
adaptive_0.05,medium,I am a digital marketing agency and looking to create an shared mailbox for my b...,75,128,0.05,181.18258193135262,5.123911529779434,5.305225163698196,24.12715691613983,41.44707159139216,40.344931801238396,39.93226960301399,40.69448113441467,40.91280400753021,60.63513457775116,11.783728561919183,502.57326207527893,516.3338090214171,4033.857882979821,97.57636320754717,2739.267116488561,5450.7099609375,2.0976386714404023,2.1309890747070312,1.0310239121317863,0.10452990789297459,38.047226571191956,41.952773428808044,0
adaptive_0.05,long,Please summarize this data with the highest quality data: The consumer electroni...,286,128,0.05,277.9717482626438,5.193652994930744,5.471735216677189,23.392944821209813,42.74793138029054,40.893890110291835,39.962563663721085,40.69010987877846,41.1713182926178,76.47007703781128,18.04675301657431,514.4030019731484,534.2412086884286,4173.759442878349,98.08553211009175,2923.226435780662,5482.60498046875,2.068858552577458,2.132067546248436,0.19888868182897568,0.2413585065642434,38.62282894845084,41.37717105154916,0
adaptive_0.05,short,Give me a pitch deck for a presentation to venture capitalists and angel investo...,18,128,0.05,99.26888346672058,5.125632032752037,5.224976010620594,24.497720131120154,40.82012508297339,40.35846085294964,39.82194513082504,40.56779518723488,40.67815653979778,74.98431205749512,3.056901843488216,579.9907652470731,584.5581366520153,4566.860442593869,112.49454326923079,3054.302240819855,5443.94482421875,2.0967392206309348,2.1444966048002243,0.2760794907808304,0.1745891585706129,38.0652155873813,41.9347844126187,0
adaptive_0.05,long,You made a mistake. Xiao (Chinese: 魈 Xiāo) is a playable Anemo character in Gens...,818,128,0.05,595.2172391116619,5.115349762141705,5.710809651762247,22.413634459082633,44.615700404392555,40.27746834858196,40.04768282175064,40.70359468460083,40.81693775951862,56.993890553712845,47.99847079757229,515.0179570552689,565.8248773680273,4420.506854437713,99.68377533039646,3231.31817088052,5599.2216796875,2.1014254994279757,2.133978247642517,1.216922603547573,0.08093747378302893,37.97149001144049,42.02850998855951,0
adaptive_0.05,long,Write a 500-800 word linkedin article about putting the human in the center of c...,367,128,0.05,251.4481395483017,5.173545561730862,5.425118800252676,23.5939533700236,42.38374062697403,40.73561329071916,39.82868418097496,40.46211019158363,40.93535915017127,98.77847880125046,22.115323357773942,515.7748766774685,540.0279711108338,4218.968524303389,99.927287037037,2929.715898735694,5494.576171875,2.089021439216738,2.140440881252289,0.0,0.20855807236643295,38.367172541815464,41.632827458184536,0
adaptive_0.05,short,can please write another email when the cart is about to close?Share Prompt,15,128,0.05,86.49460226297379,5.149019204080105,5.235591679811478,24.44804863098281,40.90305999852717,40.54272259900889,40.09808227419853,40.89862182736397,42.74092428386211,68.88556480407715,3.1077171146869658,529.0522851024457,533.7196409996078,4169.684695309436,102.26313397129186,2794.3381117695153,5443.58935546875,2.0876238341993236,2.1414277106523514,0.5960869565606117,0.1433667765714279,38.247523316013535,41.752476683986465,0
adaptive_0.05,medium,"When I ask you anything, you'll answer me in this format:

A: [Answer as you nor...",177,128,0.05,161.5605130791664,5.239400759339333,5.401045564562082,23.699115008369358,42.19566847314127,41.25429255755868,40.38471356034279,40.94800725579262,41.74999184906482,75.28332248330116,7.745480467384682,508.3584661553819,517.6599505524412,4044.2183636909467,96.37013488372092,2795.904979882689,5465.99658203125,2.0502527500466097,2.1299931183457375,0.25237323343753815,0.24508892492995124,38.994944999067805,41.005055000932195,0
adaptive_0.05,medium,E0129 00:14:33.428052 22066 memcache.go:238] couldn't get current server API gro...,84,128,0.05,138.80344852805138,5.099441859871149,5.238316789269447,24.435330116384826,40.92434991616756,40.151910020375816,39.83817622065544,40.51787182688713,40.81401526927948,60.17434224486351,6.2666487578600645,533.7327370569092,541.5826107442808,4231.114146439694,103.69752153110048,2836.9812826381462,5451.77734375,2.1076587167546506,2.1423083692789078,1.0545895397663116,0.09694185233004303,37.84682566490699,42.15317433509301,0
adaptive_0.05,short,list me all the msal libraries,7,128,0.05,72.20656797289848,5.094280876219273,5.166561655700207,24.774697086751903,40.363762935157865,40.11161469920414,39.805080741643906,40.6673327088356,40.886977314949036,52.724942564964294,1.8675365575030447,539.4519362591207,543.1831460806728,4243.618328755257,105.67810679611648,2806.3892145630084,5442.64013671875,2.1099410334558,2.1454364955425262,1.445220686495304,0.06722917370592935,37.801179330884004,42.198820669115996,0
adaptive_0.05,medium,"I want you to act as an English editor, spelling corrector and improver. I will ...",175,128,0.05,164.1354039311409,5.343554608523846,5.507812637835741,23.239715730471318,43.02978623309173,42.07439356901514,40.22761434316635,40.82532078027725,41.019664332270615,210.7221633195877,8.946977925233544,519.175634589266,530.1570607447699,4141.852037068515,96.89930593607308,2920.0057592078942,5465.76904296875,2.0610498256805374,2.134130984544754,0.0,0.25698777944468837,39.8072760229505,40.1927239770495,1
adaptive_0.05,long,"Good evening, here is some code:
export class Body extends React.Component{
 ren...",342,128,0.05,293.7600649893284,5.307188265025616,5.601075258105993,22.85275489108198,43.75840045395307,41.78790469455907,39.843909442424774,49.16408881545067,49.46441389620304,83.07307586073875,20.447437086801976,521.6917720688563,543.9345317859705,4249.488529577895,97.6370582959641,3046.6182480158677,5490.7060546875,2.0267198177303856,2.1380345299839973,0.0,0.2859183994356562,39.48953448552785,40.51046551447215,0
adaptive_0.05,long,"I have a model.pth now and template with index.html, style.css, main.js and have...",280,128,0.05,264.91279900074005,6.050784405320883,6.315827861428261,20.26654348541002,49.34240516740829,47.64313655575429,49.06496778130531,49.894773215055466,50.05412697792053,95.7769975066185,17.73086817167513,518.8463457767907,538.9075104549191,4210.214925429056,85.66217857142857,3403.64706926412,5481.88134765625,1.7203536302320601,2.1399977579712868,0.0,0.30434306605046674,45.71690612773257,34.28309387226743,0
adaptive_0.05,short,You can only get answer from the choices I give. But try to explain your choice....,56,128,0.05,113.61297592520714,5.1217088140547276,5.235400125384331,24.4489431436921,40.901563479565084,40.32761453995554,39.908140897750854,40.4559962451458,40.556466206908226,62.80126050114632,4.810710426449776,515.1689299146124,521.5766809219756,4074.8178197029342,100.0251100478469,2730.6626206964543,5448.68017578125,2.0988236818843937,2.1459349393844604,0.9152025878429413,0.14321321189619057,38.02352636231212,41.97647363768788,0
adaptive_0.05,long,I writing this piece of content that could start on Twitter and graduate to long...,327,128,0.05,300.52392557263374,5.166617088019848,5.46729826554656,23.411929216779974,42.7132676995825,40.68102136136979,39.909135550260544,40.639450401067734,40.83799310028553,71.85673713684082,25.972674760829655,561.9650754190683,591.3528722401447,4619.944314376131,108.60832110091744,3233.10253272452,5489.2685546875,2.080240754689288,2.149552382528782,0.4381735771894455,0.20043997358965712,38.39518490621424,41.60481509378576,0
adaptive_0.05,short,"I want to improve my English listening ability.
Can you give me 20 TV shows from...",45,128,0.05,92.53228455781937,5.331109412014484,5.423712894320488,23.600069268791287,42.37275698687881,41.97618168756718,39.54538330435753,40.36402329802513,40.47580286860466,287.5965088605881,3.219195761084557,560.5336603663936,565.3634617175237,4416.902044668154,104.79479166666668,3066.3690972950008,5447.94384765625,2.097343975340757,2.153343051671982,0.0,0.23394655536060338,39.686709554411294,40.313290445588706,1
adaptive_0.05,short,Let's update the outline so that we consider the following principals as themati...,62,128,0.05,127.4719312787056,5.1174025274813175,5.244939990341663,24.404473690014875,40.976093674544245,40.29368518257704,39.77126628160477,40.45613333582878,40.56105725467205,61.602137982845306,6.139715622216462,510.8574384416602,518.5590516975187,4051.242591386865,99.3686985645933,2719.811107601966,5449.16552734375,2.1004195742485092,2.149847239255905,0.9788661226630211,0.13241153930455832,37.99160851502982,42.00839148497018,0
adaptive_0.05,short,"Suggest a study plan which I can follow
and some online lecture materials which ...",24,128,0.05,96.7947505414486,5.037147831171751,5.134002644568682,24.931814192852553,40.109395660692826,39.66176591989562,39.46656361222267,39.64502215385437,39.718639850616455,53.47738787531853,3.162890588760376,513.0363823432866,517.783950128669,4045.187110380226,101.18700487804875,2658.3041692758047,5444.65673828125,2.132891074468301,2.1605172157287598,1.4057918414473534,0.07266797561580716,37.34217851063398,42.65782148936602,0
adaptive_0.05,short,Write a report on Marshall AI,6,128,0.05,79.69408854842186,5.1468928679823875,5.226653341203928,24.489858355617663,40.83322922815569,40.52588856947704,39.78697955608368,40.42778089642525,40.51874801516533,87.78003603219986,3.179220120705664,514.7598056250159,519.5282999932263,4058.81484369708,100.04878365384616,2715.3943250095926,5442.52099609375,2.091552037716381,2.1509115546941757,0.0,0.21948842978217636,38.22898380751685,41.77101619248315,0
adaptive_0.05,long,rewrite my generateScreenshot function so the logic is similar to this rest endp...,510,128,0.05,453.19417491555214,5.182204335927963,5.6356285735964775,22.71263947373922,44.02834823122248,40.803704146794445,39.62763771414757,40.3496116399765,40.703751891851425,124.09371882677078,33.527925275536255,560.9982111358736,596.4791899029726,4659.993671116974,106.11963111111112,3361.535166172872,5518.47265625,2.091262683859022,2.150867782533169,0.0,0.2611997552242693,38.52127424961939,41.47872575038061,1
adaptive_0.05,short,can you show it in code?,7,128,0.05,73.5243447124958,5.079949151724577,5.153542477637529,24.837284364186974,40.2620506065432,39.99878609860976,39.71389681100845,40.346722304821014,40.45974649488926,59.71982330083847,1.5516778866350651,549.7226584274266,552.8258082447146,4318.951626911833,107.45426213592232,2849.011285523436,5442.64013671875,2.1158731549274266,2.1590745970606804,1.0769470557570457,0.1027421837335112,37.68253690145147,42.31746309854853,0
adaptive_0.05,short,Which party has the higher conditional probability of retweeting a MoC? Why did ...,48,128,0.05,111.76193878054619,5.106772195547819,5.218602959066629,24.527637186426876,40.77033561770804,40.20979924230125,39.86803442239761,40.57872295379639,40.726324915885925,51.37306451797485,4.812993257962168,513.8780636602603,520.2839160020017,4064.718093765638,100.03854807692309,2715.1551836028193,5448.08251953125,2.1050004801294935,2.1507817283272743,1.516622394323349,0.08664845799318133,37.89999039741013,42.10000960258987,0
adaptive_0.05,long,"Web search results:

[1] ""The World Economic Forums Annual Meeting 2023 was held...",416,128,0.05,336.56707406044006,5.492886986583471,5.829644411802292,21.956742291323998,45.544096967205405,43.24996623936601,40.325332432985306,49.08429533243179,49.31777939200401,67.8299069404602,30.57386255805753,526.3521545534134,559.8380441452432,4373.734719884713,96.46082758620692,3263.656725565642,5502.16162109375,1.944889597477406,2.1433002278208733,0.6636838391423225,0.27639623362696447,41.10220805045188,38.89779194954812,0
adaptive_0.1,medium,Initialization: Create an initial population of candidate solutions (often rando...,140,128,0.1,169.4023162126541,5.395123891532421,5.564607486128807,23.002520900004612,43.473495985381305,42.478517489874456,42.11501404643059,42.71003603935242,42.827871814370155,79.50657233595848,7.731805339664221,499.08408542290147,508.55555585972405,3973.090280154094,91.78169369369368,2829.912053249417,5459.43505859375,4.191186795201827,4.265701577067375,0.07539670169353485,0.3680952906820911,38.08813204798173,41.91186795201827,0
adaptive_0.1,medium,Rewrite the documents above (Month 4 and Month 11) and label the months with the...,82,128,0.1,135.46745106577873,5.400934010744095,5.5364740043878555,23.11940774914781,43.25370315928012,42.52589948651359,42.32620820403099,43.04196015000343,43.11107583343983,61.69948726892471,5.804987368164585,570.3096210427582,577.5567667069341,4512.1622398979225,104.55915837104072,3197.628024931242,5451.5400390625,4.188050930894266,4.2857600301504135,2.0540559589862823,0.19763284998167652,38.119490691057344,41.880509308942656,0
adaptive_0.1,long,You are a partner in a commercial team at a large global law firm based in the U...,662,128,0.1,406.97985142469406,5.5362130887806416,5.943466883152723,21.536251907590703,46.43333502463065,43.5913723460802,42.10039973258972,43.37913244962692,44.323256984353065,163.00877556204796,36.784514863306654,513.4638910051453,552.4867425773069,4316.30267638521,93.23903797468355,3283.686657889147,5544.6943359375,4.1435231446750524,4.2685707956552505,0.0,0.4607882238596597,39.217301241056184,40.782698758943816,1
adaptive_0.1,short,write some code that removes whitespace in js,8,128,0.1,71.60819321870804,5.395114831626415,5.466801919043064,23.414054852458555,42.70938999252394,42.48037004447359,42.084842920303345,42.81860664486885,43.048298358917236,65.88153168559074,1.5327854749783874,540.5966421555393,544.4038938306421,4253.155420551891,99.96319724770642,2976.148251527871,5442.75830078125,4.1917096587616625,4.2883178144693375,1.593030795454979,0.24765171249002227,38.082903412383374,41.917096587616626,0
adaptive_0.1,short,compile a list of all pokemon mentioned in any prompt above including the gym le...,46,128,0.1,101.82668268680573,5.479745965451002,5.581641525030136,22.9323218673218,43.60657441429794,43.14654487676508,42.39461198449135,43.03920641541481,43.224646896123886,74.843879789114,4.387661116529256,499.1877288771551,505.0369258716871,3945.6009833725557,91.02792342342343,2818.9350771189756,5447.98974609375,4.1194794243714945,4.284058317542076,0.5985321402549744,0.46966807630180935,38.80520575628506,41.19479424371494,0
adaptive_0.1,medium,Write a story about a mother taking her toddler daughter to the bathroom after a...,94,128,0.1,157.26129710674286,5.411428168416023,5.568762131035328,22.985359580478725,43.5059541487135,42.608735276254144,42.21143200993538,42.906685918569565,43.19753870368004,68.65999475121498,7.333951323762536,500.25716547823515,509.0425247043426,3976.8947242526765,91.84271171171169,2834.7367346601586,5453.6142578125,4.181563261573709,4.2773386389017105,1.2844661176204681,0.27892634244774217,38.18436738426291,41.81563261573709,0
adaptive_0.1,long,"Act as the prompt generator and I will give you the main keywords by: Product, F...",408,128,0.1,364.40571770071983,5.647251833230257,6.011878442019224,21.291182320880115,46.96780032827519,44.4653799508031,42.18878597021103,51.095110177993774,51.37735977768898,105.15939071774483,27.28228347511962,573.6028198046647,603.7599759062753,4716.874811767775,100.79926359832635,3629.7315833049825,5500.92333984375,4.017253616076755,4.263911202549934,0.0,0.6581345336279742,40.16936878402402,39.83063121597598,1
adaptive_0.1,long,"Tables:
CREATE TABLE `crm\_account` (
 `CustomerID` varchar(255) NOT NULL,
 `Cus...",881,128,0.1,585.2939113974571,6.108491480350494,6.694069564342499,19.121402723661767,52.29741847142577,48.097492085667106,50.635360181331635,51.4550507068634,51.568493619561195,64.6275170147419,50.214230277156446,522.4210537191536,574.6137074062191,4489.169589111087,86.09835955056181,3846.504130001977,5620.66796875,3.5688028471676385,4.281270682811737,1.7203299254179,0.5017993714588315,44.31197152832362,35.68802847167638,0
adaptive_0.1,medium,Write me a story about Jack and Phil on a construction site. Jack is having a ba...,95,128,0.1,159.48698297142982,5.566487345844507,5.72606148943305,22.353933892643816,44.734855386195704,43.829795647793865,42.36685857176781,42.97664538025856,43.24326701462269,208.18502083420753,7.716294295702129,523.8168284921255,533.1079254512731,4164.905667588071,93.61063157894738,3052.6087616380805,5453.697265625,4.155101907182866,4.285118535161018,0.0,0.3962941383673783,39.45701217322838,40.54298782677162,1
adaptive_0.1,short,generate the job descriptions for the developers respectively,8,128,0.1,82.014299929142,5.701027274131775,5.783110857009888,22.133416281454686,45.18055357038975,44.88912963961053,42.507629841566086,51.356340944767,51.550862565636635,67.71134585142136,4.5931162340492016,541.8574972544461,549.003203606084,4289.087528172531,95.11941558441558,3174.9463873075542,5442.75830078125,3.927572171167126,4.2945472449064255,1.4179924428462982,0.5017238066329779,40.72427828832874,39.27572171167126,0
adaptive_0.1,short,Why do IT companies file patents on software?,9,128,0.1,78.05831357836723,5.410479441285133,5.48861251398921,23.321012309350944,42.879785265540704,42.600873359075685,42.07581281661987,42.643098533153534,42.96052195131779,73.17417860031128,4.298064141079783,528.7252194557973,535.500111657951,4183.594622327742,97.60162100456623,2939.1526140884494,5442.87744140625,4.17791166162397,4.2806206196546555,0.7798211574554443,0.38748613479807226,38.2208833837603,41.7791166162397,0
adaptive_0.1,medium,5. Explain the impact of the following transactions on a company's income statem...,126,128,0.1,173.05845767259598,5.613381452858448,5.786515824496746,22.12039228478774,45.20715487888083,44.19901553453423,42.242538183927536,43.045103549957275,43.19472275674343,263.04738596081734,8.247060612440109,575.7691168606523,586.9853991453069,4585.82343082271,101.68189177489181,3396.6003009028573,5457.2666015625,4.1606258527031095,4.264208480715752,0.0,0.3911591382724749,39.83404070842923,40.16595929157077,1
adaptive_0.1,medium,I want you to act as a cyber security specialist. I will provide some specific i...,81,128,0.1,151.0080061852932,5.404939282685518,5.556033205240965,23.03801926152251,43.40650941594504,42.557495580179484,42.3206202685833,43.203629553318024,43.37264858186245,50.00898241996765,8.280816704221069,495.86049539296704,507.2974581671767,3963.2613919310684,91.91477375565611,2818.5615225111733,5451.421875,4.184357375962528,4.278931200504303,3.3537527471780777,0.12067720180820189,38.15642624037472,41.84357375962528,0
adaptive_0.1,long,"// store/inventorySlice.ts

import {createSlice, current} from '@reduxjs/toolkit...",699,128,0.1,618.2447001338005,5.370201762765646,5.988682243973017,21.373650293237485,46.78658003103919,42.2835148518949,42.153552174568176,42.342568933963776,42.459553852677345,60.308024287223816,50.9584752622284,508.5838279517144,561.7907984252013,4388.990612696885,93.83624267782427,3364.386579356427,5557.44921875,4.212517446654988,4.265992894768715,2.200564920902252,0.18056287155455109,37.87482553345012,42.12517446654988,0
adaptive_0.1,medium,Create a powershell script that allows me to choose several different .csv files...,84,128,0.1,205.09826391935349,5.446667563170195,5.651843126863241,22.647479260635404,44.15502442861907,42.886303136433206,42.321961373090744,42.964764684438705,43.165625259280205,70.87382301688194,10.809735470639541,508.8837321534809,521.2395032734871,4072.183619324118,92.56505333333334,2945.963904025868,5451.77734375,4.147618167043671,4.268812566995621,1.0359512567520142,0.38637181497190226,38.52381832956329,41.47618167043671,0
adaptive_0.1,long,"please implement and modify this code with the code you have provided

php
 $jso...",802,128,0.1,616.5184825658798,5.33594660833478,5.952678680419922,21.502924460046692,46.50530219078064,42.014453970775826,41.862525045871735,42.1037994325161,42.14540161192417,56.0503825545311,43.214902992622925,507.04319082020413,552.926816649843,4319.7407550768985,93.40405485232066,3291.3956733039754,5592.9580078125,4.242102259022045,4.279048919677734,2.6738362312316895,0.14059265997326303,37.578977409779554,42.421022590220446,0
adaptive_0.1,short,can you write me a rap song about rainbows and unicorns in the style of Joyner L...,20,128,0.1,100.51150619983673,5.428835745900869,5.529436565935612,23.148832340088827,43.19872317137197,42.74581903665084,42.252857238054276,42.85546541213989,43.18016394972801,72.15951010584831,4.6686312085688115,562.6063111884631,569.5477432805635,4449.591744379402,103.62014090909089,3149.2781177416564,5444.18212890625,4.166707962516725,4.281994879245758,0.8938839584589005,0.37558396368620656,38.33292037483275,41.66707962516725,0
adaptive_0.1,medium,"we currently named our business ""muscles and meows"" because we jokingly admit to...",143,128,0.1,176.57774686813354,5.394815545529127,5.571477465331554,22.97415735708855,43.52716769790277,42.47801035173296,42.03501716256142,42.40078553557396,42.52708069980144,78.86502146720886,9.237745183417575,507.40839039367063,518.523111226013,4050.961806453227,93.5488018018018,2888.939829449339,5459.89990234375,4.190597395610622,4.271021664142609,0.14741848409175873,0.38208411596206016,38.094026043893784,41.905973956106216,0
adaptive_0.1,long,"Web search results:

[1] ""Writing a summary is a great way to process the inform...",364,128,0.1,234.00872573256493,5.494901482015848,5.728989455848932,22.342509265629765,44.75773012381978,43.26547670552111,42.239513248205185,42.96295419335365,43.289315700531006,79.80577275156975,15.160776380959899,509.7647467428558,527.763606455736,4123.153175435437,92.66161842105264,3023.552136565717,5494.111328125,4.104980949459113,4.265830472111702,0.03032776713371277,0.5648123342310672,38.95019050540886,41.04980949459114,0
adaptive_0.1,short,Write a business proposal for the need of an IT intern for a semi-conductor manu...,18,128,0.1,105.15258088707924,5.408652897924185,5.51388331875205,23.214129244390698,43.077213427750394,42.58696954902701,42.06390306353569,42.58108139038086,42.87436380982399,78.05080711841583,4.422586083643138,514.2209569044915,520.1227533273119,4063.459010369624,94.69135000000001,2867.8961732748526,5443.94482421875,4.179055985737973,4.288841217756271,0.23731905221939087,0.39332320526485776,38.20944014262027,41.79055985737973,0
adaptive_0.1,medium,"async get\_file\_type(file\_name: string): Promise {
 const file\_type\_extensio...",201,128,0.1,204.15541529655457,5.503873437643051,5.708140343427658,22.42411578884513,44.59484643302858,43.33674872484733,42.45590418577194,43.07384938001633,43.84814910590648,70.2492892742157,14.658890190433713,498.99500915985925,516.8490256168433,4037.883012631588,90.77245175438595,2950.2467745847784,5469.7578125,4.102198838131634,4.259232610464096,1.0925879627466202,0.48161819516677623,38.97801161868366,41.02198838131634,0
adaptive_0.1,short,"now a similar, more gracile, closely-related one",11,128,0.1,73.30593094229698,5.570450123399496,5.643814738839865,22.679695546900874,44.09230264718644,43.86069173887959,42.198725044727325,43.02720054984093,43.18407624959946,189.76227939128876,1.5155323976278305,555.3729827229492,558.4979558708035,4363.265280240652,99.30089333333333,3152.058994955577,5443.11474609375,4.135124184367225,4.263980492949486,0.0,0.508427839205585,39.51181301216441,40.48818698783559,1
adaptive_0.1,long,covert this into instagram text video reel which will have a bacground song'How ...,368,128,0.1,314.3693245947361,5.434034321457148,5.7484945729374886,22.26669928551256,44.91011385107413,42.78679030734723,42.13731363415718,42.51339212059975,42.87061244249344,80.0662450492382,21.091519977005202,509.2822473060712,532.9891234380211,4163.97752685954,93.18824017467249,3063.885083518174,5494.73046875,4.156498706246924,4.265529468655586,0.0,0.4703020735890281,38.435371489975395,41.564628510024605,0
adaptive_0.1,medium,"Now I get this:
UDP server listening on 0.0.0.0:50055
Received 8 bytes from 10.1...",171,128,0.1,210.4250118136406,5.748593594878912,5.95911705121398,21.479692192641878,46.55560196260922,45.26367921411522,42.6587350666523,43.618182092905045,46.38503491878509,281.96026384830475,15.364823979416865,515.3885995693952,532.6952865707632,4161.681926334088,89.58890756302523,3174.393565305152,5465.31396484375,4.063066718381221,4.265316009521484,0.0,0.5847968871394758,40.9585607685442,39.0414392314558,1
adaptive_0.1,long,Below is some data from a file. What file format do you think this data is from?...,972,128,0.1,636.7599926888943,5.3726812191307545,6.0096706710755825,21.299004056255743,46.95055211777799,42.303467301402506,42.04535856842995,42.4519456923008,42.877741158008575,64.8513101041317,62.07647275673784,509.15667656868317,573.4723210435715,4480.252508152902,95.61861666666667,3446.379788449192,5651.646484375,4.210485479728443,4.264743804931641,1.6922382563352585,0.22622925034803693,37.89514520271557,42.10485479728443,0
adaptive_0.1,medium,Please write a program which asks for tomorrow's weather forecast and then sugge...,253,128,0.1,208.21133255958557,5.452004749327898,5.660321570932865,22.613556208062683,44.22126227291301,42.92833555753776,42.276568710803986,43.1517630815506,43.29056777060032,90.62259271740913,11.092822741961106,509.4904857325871,523.3586365645007,4088.7393481601616,92.72558849557522,2962.378179880057,5478.6240234375,4.151927968648475,4.263474225997925,0.0,0.3979351079885982,38.564151607629825,41.435848392370175,0
adaptive_0.1,short,"the last response got cut, could you generate again the javascript file?",14,128,0.1,109.12176221609116,5.4216736033558846,5.530852444469929,23.14290632142644,43.20978472242132,42.68950124190548,41.917283087968826,42.13241636753082,42.38896854221821,86.21132001280785,4.936162035256624,555.4576773730385,562.1536651494707,4391.82550898024,101.86332579185523,3109.18897305968,5443.47021484375,4.172301056230162,4.293104812502861,0.0,0.4881842376440503,38.324889176943174,41.675110823056826,0
adaptive_0.1,long,"You are AdventBot, a chatbot that solves small coding puzzles from Advent of Cod...",420,128,0.1,412.9679799079895,5.497267808765173,5.910432364791632,21.656622070915542,46.17525284993462,43.28474449360464,42.46115684509277,43.085574358701706,45.14928497374055,88.59600126743317,34.354046993367376,511.39227223983596,548.706284898365,4286.767850768476,93.08136016949153,3243.091385027874,5502.78076171875,4.110965260253177,4.275714412331581,0.0,0.45098178226811275,38.956434033283095,41.043565966716905,0
adaptive_0.1,medium,"having this documentation site structure, how would you organize this better for...",211,128,0.1,208.76342430710793,5.646999970078468,5.855853118002415,21.85847175819604,45.748852484393865,44.46373759644238,42.04579442739487,42.32623651623726,44.34509500861167,255.99374994635582,10.658605826158077,521.8756157657485,534.7783786216099,4177.956082981327,91.8890600858369,3131.5836358916304,5471.234375,4.123671286805409,4.271422877907753,0.0,0.573816910630701,40.14805235027328,39.85194764972672,1
adaptive_0.1,long,Please make the following this to a dialogue for me as a chairman and Dr.Hasan a...,445,128,0.1,405.1481857895851,5.486984092742205,5.892330430448055,21.723153769274752,46.03383148787543,43.20352917581093,42.466092854738235,43.18200498819351,43.41610595583916,70.30775770545006,26.609376573141663,510.0864201586246,538.3217547185682,4205.638708738814,91.66319999999999,3171.9696567004135,5506.65087890625,4.112749567182045,4.266913414001465,1.0985558778047562,0.45095514911883217,38.872504328179545,41.127495671820455,0
adaptive_0.1,short,I have significant teeth overbite which makes it difficult for me to quickly and...,29,128,0.1,93.5712605714798,5.381951376795769,5.475589890033007,23.37647679439857,42.778046015882865,42.37668166362395,42.00870916247368,42.714086174964905,43.01988705992699,62.880679965019226,3.0150730815455318,504.3378402405382,508.86322905930876,3975.4939770258497,93.49464220183485,2786.326352446701,5445.40478515625,4.202891017860315,4.284009143710136,1.9258266240358353,0.22982776931808677,37.97108982139685,42.02891017860315,0
adaptive_0.1,medium,You are a professional developer that builds very robust SAAS. You are also an e...,201,128,0.1,193.04338470101357,5.408654563128948,5.601854003965855,22.849577998530826,43.76448440598324,42.58699870602352,42.15782508254051,42.97402948141098,43.1985542178154,64.29363042116165,9.10834470856376,553.3800871127081,564.9355860707574,4413.559266177792,101.40221524663679,3164.686674813269,5469.7578125,4.179785931438912,4.270099654793739,1.7686558812856674,0.25738374279305193,38.202140685610885,41.797859314389115,0
adaptive_0.1,medium,"cs3492 Based on the syllabus outlined below, Write multiple choice questions and...",129,128,0.1,207.19867572188377,5.436586752533913,5.643897492438555,22.67936300605898,44.09294915967621,42.80688032859892,42.37084463238716,43.07384863495827,43.280546739697456,62.1328242123127,11.927133601296694,504.5355955341328,518.7806067198906,4052.973489999145,92.12847111111111,2927.9445653921425,5457.73291015625,4.156800620433852,4.2560925632715225,2.020199030637741,0.26393000929063487,38.43199379566148,41.56800620433852,0
adaptive_0.1,medium,"hi could you pleasse help me, i need to send an email this is the information , ...",151,128,0.1,152.73025259375572,5.429849054664373,5.582670297473669,22.928095907423362,43.61461169901304,42.753255332079455,42.295604944229126,43.00027787685394,43.30283962190151,60.158781707286835,7.499180770151317,498.33146703379043,507.7220153697822,3966.578245076423,91.35906306306306,2834.4446145783527,5463.07275390625,4.161345905792995,4.258264780044556,2.225303828716278,0.2549320860013816,38.386540942070056,41.613459057929944,0
adaptive_0.1,long,I am a product designer. My company is a one-to-one online tutoring platform. We...,964,128,0.1,561.8717633187771,5.414090979844332,5.9762358367443085,21.418164124816556,46.68934247456491,42.62958047544863,42.16230660676956,42.84905567765236,42.9870281368494,85.48272401094437,47.88243384903483,513.4130202148091,564.1876202305965,4407.715783051535,94.7615294117647,3371.718274669579,5649.208984375,4.179967298869073,4.27004973590374,0.0,0.37441828316834236,38.24310036977445,41.75689963022555,0
adaptive_0.1,short,I wrote a script to run on a website. I run it in the chrome console. What's the...,29,128,0.1,70.86912542581558,5.417894497513771,5.488839987665415,23.320045817994895,42.88156240363605,42.65972341256818,42.15012863278389,42.861080169677734,43.12180578708649,66.11649692058563,1.4473302112519741,501.6941100030094,505.3836750920936,3948.309961656981,92.41524657534247,2773.970124958789,5445.40478515625,4.172643678746824,4.2830062955617905,1.5643315315246582,0.2951922335350952,38.273563212531755,41.726436787468245,0
adaptive_0.1,medium,"Okay so the browser console says it has posted successfully...

Token being sent...",195,128,0.1,200.69779828190804,5.782169476151466,5.982996437698603,21.393962261698423,46.74215966952033,45.52805233072108,42.66346991062164,51.06094777584076,52.99230217933652,85.3782445192337,10.225503246512263,571.4435671474599,583.9198369306289,4561.873726020538,98.14112184873949,3493.5903042575014,5468.962890625,3.8649786131119166,4.270370855927467,0.0,0.71793790513117,41.39189345864799,38.60810654135201,0
adaptive_0.1,long,where in this code should the exploration/exploitation 'recommend\_items' functi...,908,128,0.1,584.0119160711765,5.397288028150797,5.981524467468262,21.39922701915775,46.730659902095795,42.496566521370504,42.169082909822464,42.902110517024994,43.078964203596115,68.71677190065384,45.74937823728844,504.48160823151284,553.1744145194274,4321.675113433026,92.94286134453783,3308.8262952253854,5630.1455078125,4.1905495094971394,4.271339058876038,1.2666793465614319,0.2640690797913919,38.09450490502861,41.90549509497139,0
adaptive_0.1,medium,I am a digital marketing agency and looking to create an shared mailbox for my b...,75,128,0.1,161.20431199669838,5.398561630398035,5.559871062636375,23.022116620687434,43.43649267684668,42.507459768864116,42.16096177697182,42.82980039715767,43.1423906236887,72.34388217329979,7.609092548696324,494.9623343342673,504.6680180597864,3942.7188910920813,91.02570720720722,2805.889109848658,5450.7099609375,4.188244689989277,4.279893442988396,0.8714290261268616,0.3026496046692643,38.11755310010722,41.88244689989278,0
adaptive_0.1,long,Please summarize this data with the highest quality data: The consumer electroni...,286,128,0.1,163.9004498720169,5.550225619226694,5.714215867221355,22.400273803839056,44.64231146266684,43.70170599949642,42.24289953708649,43.157124519348145,43.36148388683796,100.02367570996284,7.824492285501212,508.5959910352864,518.0788159369491,4047.490749507415,91.0101359649123,2960.4141904981666,5482.60498046875,4.074223415823433,4.262523904442787,0.0,0.6999330248108441,39.416296304914894,40.583703695085106,1
adaptive_0.1,short,Give me a pitch deck for a presentation to venture capitalists and angel investo...,18,128,0.1,106.25577345490456,5.395954076200724,5.502277538180351,23.26309407546364,42.986543267033994,42.486994109285156,42.375367134809494,42.93855577707291,43.0390864610672,50.16142129898071,4.576890823155641,518.2831343777627,524.3842316524684,4096.75180978491,95.7482511415525,2885.3075791973392,5443.94482421875,4.1924847743407945,4.272101625800133,3.3414078801870346,0.0886069421687324,38.075152256592055,41.924847743407945,0
adaptive_0.1,long,You made a mistake. Xiao (Chinese: 魈 Xiāo) is a playable Anemo character in Gens...,818,128,0.1,501.3122893869877,5.394277673214674,5.8957835622131824,21.710430623737288,46.06080907979049,42.47358611484212,42.34135523438454,42.947810888290405,43.08641143143177,55.78089505434036,40.02715909158811,555.1257076492627,598.0136110615451,4671.981336418321,102.09976495726495,3525.758818076405,5599.2216796875,4.193446852560118,4.271148696541786,2.7023652493953705,0.1384498009064727,38.06553147439882,41.93446852560118,0
adaptive_0.1,long,Write a 500-800 word linkedin article about putting the human in the center of c...,367,128,0.1,288.0663610994816,5.471729151904583,5.759932246059179,22.222483621673643,44.99947067233734,43.083557081738796,42.19627380371094,42.90247708559036,43.025242164731026,78.88247072696686,19.297806222997604,509.3585854334943,530.7776230938919,4146.70018042103,92.39851739130435,3057.243146745153,5494.576171875,4.132433455525421,4.270396560430527,0.14740954339504242,0.5287683246274445,38.67566544474579,41.32433455525421,0
adaptive_0.1,short,can please write another email when the cart is about to close?Share Prompt,15,128,0.1,70.6486776471138,5.363364685326815,5.434095446020365,23.554978242743275,42.4538706720341,42.23033099427936,41.98779910802841,42.43909269571304,42.82575361430645,59.60063263773918,1.5493964824676514,503.20488242723985,506.33919946995564,3955.7749958590284,93.46911520737326,2751.495537981283,5443.58935546875,4.218707726344349,4.278684958815575,2.285713881254196,0.18027249612219928,37.81292273655651,42.18707726344349,0
adaptive_0.1,medium,"When I ask you anything, you'll answer me in this format:

A: [Answer as you nor...",177,128,0.1,139.8899108171463,5.867845930159092,6.007822249084711,21.30555710424035,46.936111320974305,46.20270299043242,42.71713271737099,51.263561844825745,51.446954160928726,75.44862851500511,6.175509667381645,516.9421489537656,524.6640164391733,4098.937628431042,87.89950627615062,3152.0881512574124,5465.99658203125,3.7803395378777362,4.275829151272774,0.5144407898187637,0.6091233037590482,42.19660462122264,37.80339537877736,0
adaptive_0.1,medium,E0129 00:14:33.428052 22066 memcache.go:238] couldn't get current server API gro...,84,128,0.1,197.90979474782944,5.353708673268557,5.551693808287382,23.056026578577857,43.37260787724517,42.15361403785352,41.86728596687317,42.4827866256237,42.666567489504814,57.73552134633064,11.199038546737285,508.79722288006724,522.7815423703771,4084.230799768571,94.74557466063347,2902.3230518645505,5451.77734375,4.227350103573536,4.310405060648918,2.494730234146118,0.18613664624473228,37.726498964264636,42.273501035735364,0
adaptive_0.1,short,list me all the msal libraries,7,128,0.1,75.09025186300278,5.399160169064999,5.474324442446232,23.381880512511696,42.768159706611186,42.512200215435406,41.93509742617607,42.860811948776245,43.18280927836895,62.21481412649155,2.9453414081707594,538.5947191707305,543.0122473139279,4242.283182140061,99.48839908256879,2972.6252180182937,5442.64013671875,4.187999973616262,4.302307769656181,1.9968597143888474,0.2887196899459854,38.120000263837376,41.879999736162624,0
adaptive_0.1,medium,"I want you to act as an English editor, spelling corrector and improver. I will ...",175,128,0.1,183.51801857352257,5.441648539155722,5.625274278223515,22.75444603572698,43.94745529862121,42.84680561404529,42.32450947165489,42.93496534228325,43.254423141479485,64.50268998742104,14.303407650906593,525.6853604792263,543.1109773236532,4243.05451034104,96.98485714285717,3055.148210959581,5465.76904296875,4.152026490785006,4.28216028213501,1.7312498688697815,0.3373345253331097,38.479735092149944,41.520264907850056,0
adaptive_0.1,long,"Good evening, here is some code:
export class Body extends React.Component{
 ren...",342,128,0.1,212.9540741443634,5.462487772107124,5.675518028438091,22.553007383402804,44.33998459717259,43.01041323603608,42.10073873400688,42.847224324941635,43.04533116519451,78.3015638589859,16.68391912217438,507.6200388605427,527.4165517392885,4120.441810463191,93.43597345132743,2993.362147892983,5490.7060546875,4.132974150612599,4.28320075571537,0.19702482223510742,0.5543802016659473,38.670258493874016,41.329741506125984,0
adaptive_0.1,long,"I have a model.pth now and template with index.html, style.css, main.js and have...",280,128,0.1,227.9033437371254,5.378570877015591,5.606600869446993,22.830232253116545,43.80156929255463,42.34995719368064,41.8592132627964,42.52311885356903,42.935736104846,59.50688198208809,15.659595060775057,508.30073818209024,526.3104374960568,4111.800292937944,94.10720982142857,2950.8125564644192,5481.88134765625,4.205410070893333,4.284637227654457,2.2982424050569534,0.2564206396180388,37.945899291066674,42.054100708933326,0
adaptive_0.1,short,You can only get answer from the choices I give. But try to explain your choice....,56,128,0.1,109.00083929300308,5.38200493901968,5.49108661711216,23.310504627828475,42.89911419618875,42.377124474508555,41.973818093538284,42.66243129968643,42.85718537867069,77.52461731433868,4.82480344042182,507.0858799688574,514.7413000164106,4021.4164063782077,94.08424200913242,2826.4890637950275,5448.68017578125,4.2038667153889735,4.2975408881902695,0.29550398886203766,0.35509971272437907,37.96133284611026,42.03866715388974,0
adaptive_0.1,long,I writing this piece of content that could start on Twitter and graduate to long...,327,128,0.1,311.10335513949394,5.483410581946373,5.794706460088491,22.089125805010198,45.27114421944134,43.17551956871363,42.353253811597824,42.87215173244476,43.8431568443775,81.31508901715279,23.900320528849957,517.9597406510804,543.9075458060001,4249.277701609376,93.87833333333334,3151.784569372906,5489.2685546875,4.116770485724051,4.283670887351036,0.0,0.5119605659232197,38.842248136368326,41.157751863631674,0
adaptive_0.1,short,"I want to improve my English listening ability.
Can you give me 20 TV shows from...",45,128,0.1,119.76442858576775,5.332148294895887,5.451971169561148,23.47774704214059,42.593524762196466,41.98455033222522,41.80452600121498,42.57071688771248,42.83516593277454,44.94775831699371,5.532611706990748,544.590293454226,551.9610615341663,4312.1957932356745,101.92427188940091,3009.2757942046414,5447.94384765625,4.2460862809982824,4.306544169783592,3.9160789847373962,0.06204781245971404,37.53913719001717,42.46086280998283,0
adaptive_0.1,short,Let's update the outline so that we consider the following principals as themati...,62,128,0.1,97.2239077091217,5.697694022208452,5.79499189555645,22.088037793141574,45.273374184034765,44.86277852002092,42.055174708366394,42.84015595912933,43.01651380956173,348.15118089318275,2.945188415020704,537.1911958277208,541.6085495892819,4231.316793666265,93.83305194805193,3138.617155433972,5449.16552734375,4.161916457527266,4.293925866484642,0.0,0.44226986428455156,40.491253342919464,39.508746657080536,1
adaptive_0.1,short,"Suggest a study plan which I can follow
and some online lecture materials which ...",24,128,0.1,116.01684987545013,5.377350773662329,5.493448920547962,23.30048059994198,42.917569691780955,42.3404728685777,42.17994213104248,42.769963294267654,42.89541281759739,50.56023970246315,5.186079868566244,509.4384503642078,517.9430284309144,4046.4299096165187,94.63739726027397,2845.2935704391493,5444.65673828125,4.2124737727595125,4.293898671865463,3.2974889427423477,0.1011788363978494,37.875262272404875,42.124737727595125,0
adaptive_0.1,short,Write a report on Marshall AI,6,128,0.1,78.17127928137779,5.409913286566734,5.488156020641327,23.322952102415332,42.876218911260366,42.5969092102032,42.195118963718414,42.70720183849335,43.005363643169396,60.827672481536865,3.073872882004827,505.4183141654804,510.02975284713506,3984.6074441182427,93.19334246575342,2799.1228587942123,5442.52099609375,4.179673785534431,4.284079924225807,2.153890386223793,0.29991931704445896,38.203262144655696,41.796737855344304,0
adaptive_0.1,long,rewrite my generateScreenshot function so the logic is similar to this rest endp...,510,128,0.1,290.6656041741371,5.410168953239918,5.7010162733495235,22.4521372791655,44.53918963554315,42.598925912239416,41.86096042394638,42.539578676223755,42.79897250235081,97.48383611440659,27.328791828732935,510.2114736539927,540.1425188933144,4219.863428854019,95.23701321585905,3079.3612901387883,5518.47265625,4.192957805601631,4.292024478316307,0.0,0.42648116724617774,38.20706654604026,41.79293345395974,0
adaptive_0.1,short,can you show it in code?,7,128,0.1,101.234070956707,5.401995908468962,5.503310274332762,23.25872858686295,42.9946115182247,42.53457216765937,41.97926074266434,42.6528163254261,42.8032610565424,72.74635508656502,4.8227465827912095,559.7578778375517,566.1980267183837,4423.422083737373,103.47880365296804,3115.9634177462167,5442.64013671875,4.185671309317191,4.294581890106201,0.8264226764440536,0.34351020071920074,38.143286906828095,41.856713093171905,0
adaptive_0.1,short,Which party has the higher conditional probability of retweeting a MoC? Why did ...,48,128,0.1,86.11000701785088,5.404869079589844,5.4910487569868565,23.31066535097357,42.898818413959816,42.55717907716909,42.250361293554306,42.78820678591728,43.022387474775314,65.22681936621666,3.0179113601446153,492.4809854663051,497.00725097072495,3882.869148208789,91.07216972477065,2729.091047656254,5448.08251953125,4.183828261541569,4.292048692703247,1.6622988432645798,0.2448063014552382,38.16171738458431,41.83828261541569,0
adaptive_0.1,long,"Web search results:

[1] ""The World Economic Forums Annual Meeting 2023 was held...",416,128,0.1,726.7671525478363,5.800729099661112,6.527688533067703,19.60877872030547,50.99756666459143,45.67423562599918,42.54472628235817,51.06561854481697,51.33512020111084,103.23780030012131,56.04858584374934,516.916244432276,574.4750627439004,4488.086427686721,88.4073423076923,3749.9942796067076,5502.16162109375,3.85859114236719,4.303204819560051,0.0,0.6055505598850704,41.59588944606894,38.40411055393106,1
adaptive_0.15,medium,Initialization: Create an initial population of candidate solutions (often rando...,140,128,0.15,194.11013275384903,5.801629398018122,5.99581790342927,21.348213381662443,46.84232737054117,45.680766910549224,45.362669974565506,46.55359089374542,46.74535319209099,72.28923588991165,10.718942929796874,515.548767558217,528.3938543682918,4128.07698725228,88.49668200836821,3168.1533320834023,5459.43505859375,6.094832748995991,6.440924562513828,1.4051508978009224,0.5866956739997453,39.36778167336006,40.63221832663994,0
adaptive_0.15,medium,Rewrite the documents above (Month 4 and Month 11) and label the months with the...,82,128,0.15,147.0842808485031,5.748402446508408,5.895587984472513,21.711150836374525,46.05928112869151,45.26221543902487,45.31276598572731,46.274884045124054,46.58947065472602,53.42363193631172,6.340583803072572,497.6824678960834,506.49180103717185,3956.967195602905,86.26411063829786,2986.066976428593,5451.5400390625,6.16647211861188,6.457235746085644,4.723464779555798,0.21796006181869268,38.8901858759208,41.1098141240792,0
adaptive_0.15,long,You are a partner in a commercial team at a large global law firm based in the U...,662,128,0.15,407.4309505522251,5.935458164662123,6.343127492815256,20.17932008224385,49.55568353761919,46.734910428993345,45.391492545604706,46.56181558966637,46.77382595837116,157.99346566200256,37.749346297867596,552.9675858786944,593.7547565515208,4638.709035558756,93.95562845849801,3766.262120271781,5544.6943359375,6.025764648252585,6.425780139863491,0.0,0.8771205704392552,40.50204049297205,39.49795950702795,1
adaptive_0.15,short,write some code that removes whitespace in js,8,128,0.15,78.7610150873661,6.121341478079557,6.20018221065402,20.64455457132413,48.438923520734534,48.19872617486894,45.859649777412415,52.597518265247345,52.83198058605194,65.22447615861893,3.716560093127191,516.9330565254445,523.7830138621312,4092.0547957978997,84.82723076923077,3247.5501247907337,5442.75830078125,5.658011695590075,6.496366940438747,2.697813034057617,0.7433437069042724,42.27992202939949,37.72007797060051,0
adaptive_0.15,short,compile a list of all pokemon mentioned in any prompt above including the gym le...,46,128,0.15,93.64992380142212,6.095770992338657,6.189487989991903,20.680224310471186,48.355374921811745,47.9972487770197,45.94672471284866,52.836913615465164,52.91757509112358,67.44085252285004,2.925556123508141,534.0804922723472,538.4657485077698,4206.763660216951,87.22296761133603,3332.827283410842,5447.98974609375,5.6882755271797105,6.478078745305538,2.296596474945545,0.7280986185152656,42.07816315213526,37.92183684786474,0
adaptive_0.15,medium,Write a story about a mother taking her toddler daughter to the bathroom after a...,94,128,0.15,136.29455491900444,6.061730124056339,6.198095358908176,20.651505436429392,48.42261999147013,47.728411061322596,46.02103680372238,52.10616663098335,52.233267575502396,52.63695493340492,5.963198344498872,515.635073139837,523.5498012321797,4090.232822126404,84.84221457489876,3245.0115931744713,5453.6142578125,5.734013465211147,6.447365216910839,4.891870625317097,0.5898817041356982,41.773243565259015,38.226756434740985,0
adaptive_0.15,long,"Act as the prompt generator and I will give you the main keywords by: Product, F...",408,128,0.15,350.28669238090515,5.8623456209897995,6.212831046432257,20.602523880559172,48.537742550252005,46.15849142116824,45.625168830156326,46.45773470401764,47.089387848973274,92.30263903737068,22.270597851326688,564.3277523927837,588.6691935609635,4598.978074695027,95.26020242914979,3657.3022418337937,5500.92333984375,6.027093635300013,6.44147665053606,0.0,0.8362374973220775,39.92719649095235,40.07280350904765,0
adaptive_0.15,long,"Tables:
CREATE TABLE `crm\_account` (
 `CustomerID` varchar(255) NOT NULL,
 `Cus...",881,128,0.15,613.6241927742958,5.737021092325449,6.350917253643274,20.154568999709667,49.61654104408808,45.172324242788974,45.12791335582733,46.20881751179695,46.6220423579216,61.81957200169563,43.510129915645344,498.2771086323969,543.371551339725,4245.090244841602,85.92781818181818,3450.9077605423718,5620.66796875,6.1819928513150515,6.455542601644993,3.228814423084259,0.3091862257073341,38.786714324566326,41.213285675433674,0
adaptive_0.15,medium,Write me a story about Jack and Phil on a construction site. Jack is having a ba...,95,128,0.15,150.1423828303814,5.807571701705456,5.957802664488554,21.484430956893423,46.54533331631683,45.72809977442261,45.419711619615555,46.385520696640015,46.646976470947266,92.83934161067009,5.947642539832741,502.9112639434468,510.3104751872662,3986.800587400517,86.16900843881857,3040.329108787115,5453.697265625,6.10331424290505,6.45439875125885,0.0,0.6294890286525795,39.41025259339903,40.58974740660097,0
adaptive_0.15,short,generate the job descriptions for the developers respectively,8,128,0.15,80.54656535387039,5.854348763823509,5.934965457767248,21.567101091124798,46.366917638806626,46.09610765116421,45.75055092573166,46.80720344185829,47.12896794080734,73.29097390174866,2.860139750462025,523.7754753409718,528.0657785789463,4125.513895148018,89.39156779661019,3134.052155295014,5442.75830078125,6.024455047205207,6.469592347741127,1.216911792755127,0.6762105006806622,39.83696635196528,40.16303364803472,0
adaptive_0.15,short,Why do IT companies file patents on software?,9,128,0.15,79.77849245071411,5.7693366929888725,5.8491896614432335,21.88337315231067,45.69679423002526,45.42673264784137,45.315828174352646,46.58473879098892,46.80702090263367,60.647618025541306,2.9061421756744386,501.5086569784619,507.02827344018596,3961.1583862514526,87.0579356223176,2965.7045350657486,5442.87744140625,6.141732313208223,6.473487697541714,3.773480549454689,0.32512848630729646,39.055117911945175,40.944882088054825,0
adaptive_0.15,medium,5. Explain the impact of the following transactions on a company's income statem...,126,128,0.15,175.58176070451736,5.811884745955467,5.987544171512127,21.377712854129005,46.77768883993849,45.761992582889995,45.42408883571625,46.41900658607483,46.84835858643055,77.63073220849037,7.201009861253202,572.9709353766925,581.669039834004,4544.289373703156,97.36227615062761,3482.769069207146,5457.2666015625,6.078239348284372,6.440026022493839,0.4619772434234619,0.6966587533834551,39.47840434477085,40.52159565522915,0
adaptive_0.15,medium,I want you to act as a cyber security specialist. I will provide some specific i...,81,128,0.15,144.14769411087036,5.768813986331224,5.913064118474722,21.64698326204142,46.195813425583765,45.42291830257168,45.35330459475517,46.558678150177,46.743471547961235,65.79318270087242,5.843425610173494,498.189025242459,505.4850500339121,3949.1019533899384,85.74330508474576,2988.965511780925,5451.421875,6.139154633785796,6.450073689222336,2.541555918753147,0.3695794065148181,39.07230244142803,40.92769755857197,0
adaptive_0.15,long,"// store/inventorySlice.ts

import {createSlice, current} from '@reduxjs/toolkit...",699,128,0.15,859.3103960156441,5.7476389072835445,6.6072034649550915,19.372795264882917,51.61877706996165,45.256184663359576,45.2800951898098,46.29763066768646,46.584389731287956,61.576444655656815,64.02499798430875,499.1343842563424,564.82137225396,4412.6669707340625,85.91874144486692,3731.889727837054,5557.44921875,6.167983276754852,6.4565702229738235,3.2709882482886314,0.3061615927719347,38.88011148830098,41.11988851169902,0
adaptive_0.15,medium,Create a powershell script that allows me to choose several different .csv files...,84,128,0.15,134.295541793108,6.145623426884413,6.279986456036568,20.38220956304156,49.062394187785685,48.38993142204961,45.893728733062744,52.80011221766472,52.979259938001626,80.25247976183891,5.834419682569802,519.2979702965989,526.9996784263346,4117.184987705739,84.328068,3309.550842853008,5451.77734375,5.632740598611944,6.4734105840325356,0.0,0.9460420885275783,42.44905724886834,37.55094275113166,0
adaptive_0.15,long,"please implement and modify this code with the code you have provided

php
 $jso...",802,128,0.15,599.1142988204956,5.756512753665447,6.355795536190271,20.13909970375235,49.654652626486495,45.326075039979976,45.415088534355164,46.48924916982651,46.79034799337387,55.76753616333008,47.69030076285638,504.14337654360384,553.9950525910874,4328.08634836787,87.61296442687748,3521.079282329928,5592.9580078125,6.157478393708158,6.462473317980766,4.294414155185223,0.23880673465884647,38.95014404194561,41.04985595805439,0
adaptive_0.15,short,can you write me a rap song about rainbows and unicorns in the style of Joyner L...,20,128,0.15,131.47369027137756,5.777504075318575,5.909048713743687,21.66169314229691,46.16444307612255,45.49132284568989,45.17440125346184,45.98401039838791,46.32095508277416,76.78020372986794,7.6002765804640955,549.6834619689212,559.7649805662222,4373.163910673611,95.36763404255319,3307.678538413595,5444.18212890625,6.125084762322151,6.489667564630508,0.6070702224969864,0.7182327625015926,39.16610158451899,40.83389841548101,0
adaptive_0.15,medium,"we currently named our business ""muscles and meows"" because we jokingly admit to...",143,128,0.15,213.38539198040962,6.0537572503089905,6.267225816845894,20.423709587094237,48.962701694108546,47.66642994533374,45.76663300395012,52.784378081560135,52.860454097390175,80.56118339300156,10.495223757544533,517.6790711481739,529.9153218433858,4139.963451901451,84.821628,3321.098985799068,5459.89990234375,5.7437116462649325,6.453997537493706,0.0,0.8622647477887504,41.710969705985285,38.289030294014715,0
adaptive_0.15,long,"Web search results:

[1] ""Writing a summary is a great way to process the inform...",364,128,0.15,323.79497587680817,6.12171532958746,6.445642460137606,19.858377313293822,50.356581719825044,48.201617176138505,46.108584851026535,52.07907482981682,52.3775789886713,80.59842512011528,22.603995205009358,516.2719771703892,540.7728149641845,4224.787616907691,84.07832295719847,3485.6282174212843,5494.111328125,5.651095870970272,6.453877955675125,0.0,0.9552225502166748,42.330473250760804,37.669526749239196,0
adaptive_0.15,short,Write a business proposal for the need of an IT intern for a semi-conductor manu...,18,128,0.15,88.5109230875969,5.75234666839242,5.84092453494668,21.914338943118782,45.63222292927094,45.29321569157398,45.305196195840836,46.30712643265724,46.70372158288955,59.90903452038765,2.8459302634410557,514.1076770639885,518.71098714339,4052.429587057734,89.08866094420601,3029.7517313522385,5443.94482421875,6.163564509000834,6.485842064023018,3.579188033938408,0.29353597007329035,38.909569939994434,41.090430060005566,0
adaptive_0.15,medium,"async get\_file\_type(file\_name: string): Promise {
 const file\_type\_extensio...",201,128,0.15,198.2925906777382,5.9360093250870705,6.134429637342691,20.865835549048203,47.92523154173978,46.73909841794667,45.10705545544624,46.63245305418968,46.82270474731922,169.61129754781723,9.075232660267503,552.6070079685283,563.9923007245009,4406.189849410163,92.30696311475408,3459.77108479747,5469.7578125,6.033011749445453,6.463161751627922,0.0,0.8042641617908213,40.484455128119684,39.515544871880316,1
adaptive_0.15,short,"now a similar, more gracile, closely-related one",11,128,0.15,73.72355088591576,5.774165034294128,5.847954016178846,21.887997006453446,45.68714075139724,45.464101005492246,45.06241902709007,46.07832729816437,46.39354981482029,72.18726724386215,1.4703195037543775,502.52038530075737,506.5449560631979,3957.382469243734,87.06196566523603,2962.2516101849155,5443.11474609375,6.130143216686455,6.511625356972218,1.4107416272163391,0.6287561551155307,39.13237855542363,40.86762144457637,0
adaptive_0.15,long,covert this into instagram text video reel which will have a bacground song'How ...,368,128,0.15,340.9914970397949,5.846502739936113,6.187650576233864,20.686365272731297,48.34102012682706,46.034393934753,45.45857384800911,46.54091075062752,46.72391451895237,101.06922686100006,21.516331264212727,501.63682060805894,524.9403037623521,4101.096123143376,85.07561538461538,3248.147173063497,5494.73046875,6.060091527017552,6.454198144376278,0.0,0.7457692544019509,39.765009964544944,40.234990035455056,1
adaptive_0.15,medium,"Now I get this:
UDP server listening on 0.0.0.0:50055
Received 8 bytes from 10.1...",171,128,0.15,167.35515743494034,5.813755840063095,5.9812108017504215,21.4003492340615,46.72820938867517,45.77679852918377,45.67692428827286,46.57320976257324,47.047731652855866,76.9868828356266,8.956717544063926,502.30704426261406,513.5138478533588,4011.826936354366,86.15613025210084,3071.4345736289324,5465.31396484375,6.077104020599775,6.444749504327774,0.5457610711455345,0.5565360559346666,39.4859731960015,40.5140268039985,0
adaptive_0.15,long,Below is some data from a file. What file format do you think this data is from?...,972,128,0.15,669.482883065939,5.7391293831169605,6.4088426530361176,19.9724048365209,50.06908322684467,45.18835938821628,45.219000428915024,46.123625338077545,46.45463675260544,64.64407965540886,50.26342712050303,503.83888386526144,557.0874795267378,4352.245933802638,87.40131764705882,3570.286000263342,5651.646484375,6.178991373188383,6.469608552753925,2.7287288457155228,0.34868579499370017,38.80672417874411,41.19327582125589,0
adaptive_0.15,medium,Please write a program which asks for tomorrow's weather forecast and then sugge...,253,128,0.15,222.8689379990101,5.802239280194044,6.025241807103157,21.243960673760977,47.072201617993414,45.68612103269795,45.182958245277405,46.091730147600174,46.39431722462177,93.92203390598297,14.369594435952607,567.252228868924,584.0547975494228,4562.928105854866,97.36393333333332,3519.071383833953,5478.6240234375,6.1086505188599345,6.460723735392094,0.0,0.6882369228471688,39.38504446327217,40.61495553672783,0
adaptive_0.15,short,"the last response got cut, could you generate again the javascript file?",14,128,0.15,71.57577946782112,5.766666866838932,5.838310156017542,21.924152122694355,45.611798093887046,45.406012172539405,45.30738294124603,46.41555920243263,46.77227884531021,59.87705662846565,1.4968523763865231,494.56254161767095,497.5358862932417,3886.9991116659507,85.7484224137931,2904.7688179290217,5443.47021484375,6.144247095357246,6.462518580257893,3.6030848398804665,0.30768526441165467,39.038352697618365,40.961647302381635,0
adaptive_0.15,long,"You are AdventBot, a chatbot that solves small coding puzzles from Advent of Cod...",420,128,0.15,327.59328931570053,5.8903882540762424,6.2181269861757755,20.584976840223966,48.579117079498246,46.3794576312144,45.254986733198166,46.722207218408585,52.813565731048584,102.62391716241837,19.78127846370265,504.7528657693044,529.0182833272181,4132.955338493892,85.57594736842104,3289.502863737357,5502.78076171875,6.001948416291729,6.46492251008749,0.0,0.8407928275643322,40.16398829151326,39.83601170848674,1
adaptive_0.15,medium,"having this documentation site structure, how would you organize this better for...",211,128,0.15,219.77442130446434,5.760707799345255,5.980579286813736,21.402608988433688,46.72327567823231,45.3590893839288,45.119430869817734,46.470992267131805,46.79526947438717,58.65919217467308,11.809006543014197,503.15754028179873,517.5731355024278,4043.5401211127173,86.94464705882353,3095.387173597059,5471.234375,6.1494539908067445,6.459178671240807,3.7989419773221016,0.3237631241243953,39.003640061288365,40.996359938711635,0
adaptive_0.15,long,Please make the following this to a dialogue for me as a chairman and Dr.Hasan a...,445,128,0.15,404.26670387387276,5.792056940495968,6.196527395397425,20.65673107409711,48.41037027654238,45.60594410290869,45.51200941205025,46.377548575401306,46.825774759054184,83.68721976876259,31.68258405765518,500.99576902894677,534.6931686198525,4177.290379842598,86.64664777327935,3313.2408674847707,5506.65087890625,6.110617472137522,6.459238462150097,0.0,0.6218032853776934,39.29111323370708,40.70888676629292,0
adaptive_0.15,short,I have significant teeth overbite which makes it difficult for me to quickly and...,29,128,0.15,71.00887596607208,5.788184825330973,5.859260417521,21.845760536131902,45.77547201188281,45.5754104796357,45.3486405313015,46.458615362644196,46.802107244729996,65.27714431285858,1.4496476930752398,562.8594486836977,566.0140846640152,4421.985036437619,97.07585836909871,3316.4239220312443,5445.40478515625,6.121176978265207,6.463080167770386,2.631644055247307,0.43681818625850466,39.19215347823196,40.80784652176804,0
adaptive_0.15,medium,You are a professional developer that builds very robust SAAS. You are also an e...,201,128,0.15,190.9109205007553,5.826579816639423,6.017587922513485,21.270981271601546,47.0124056446366,45.87775152029953,45.719124376773834,46.612270921468735,46.81993164122105,71.29409536719322,9.115521612163633,502.059517696796,513.5284013354126,4011.9406354329108,85.63817083333333,3090.2023057436363,5469.7578125,6.06012767911192,6.455414637923241,1.5505400374531746,0.5729440389116364,39.599148805920535,40.400851194079465,0
adaptive_0.15,medium,"cs3492 Based on the syllabus outlined below, Write multiple choice questions and...",129,128,0.15,171.75304517149925,5.732200797647238,5.904041573405266,21.680064140566955,46.12532479222864,45.134632723537955,45.196544378995895,46.01751118898392,46.109652519226074,58.89113247394562,9.871235551770777,497.67533265740417,510.7944885299951,3990.5819416405866,86.98485531914893,3015.7518957473703,5457.73291015625,6.186549161480167,6.464471563696861,3.759539768099785,0.2839223436913057,38.75633892346555,41.24366107653445,0
adaptive_0.15,medium,"hi could you pleasse help me, i need to send an email this is the information , ...",151,128,0.15,132.06377997994423,5.824652537703514,5.956807490438223,21.48802025337627,46.537558519048616,45.8626076285764,45.56377977132797,46.91051244735718,47.17679135501385,68.83160769939423,7.043603603538127,503.35922698453066,512.696334365949,4005.440112233977,86.58671308016878,3054.033364871305,5463.07275390625,6.064595281901791,6.454420544207096,2.0100314989686012,0.4623591307247458,39.56936478732139,40.43063521267861,0
adaptive_0.15,long,I am a product designer. My company is a one-to-one online tutoring platform. We...,964,128,0.15,591.8507389724255,5.80159354954958,6.3936086148023605,20.019993044875605,49.95006730314344,45.68096341227922,45.64699903130531,46.557846665382385,46.72449082136154,84.3396931886673,48.785734673464674,506.3213949457779,557.6967151035387,4357.005586746396,87.51294117647059,3565.694522132963,5649.208984375,6.101367868189737,6.456792622804642,0.0,0.5681159976320804,39.358091694632854,40.641908305367146,0
adaptive_0.15,short,I wrote a script to run on a website. I run it in the chrome console. What's the...,29,128,0.15,92.97347813844681,5.782519571483135,5.875557109713554,21.785168216370256,45.902789919637144,45.53041539675608,45.14108598232269,46.614862233400345,46.84131033718586,73.28896969556808,2.9838802175633607,565.3366627126261,569.8200436455496,4451.719090980856,97.29575965665238,3348.010208698897,5445.40478515625,6.121616137192005,6.485796801745892,1.218347892165184,0.5393807812652684,39.1892257520533,40.8107742479467,0
adaptive_0.15,medium,"Okay so the browser console says it has posted successfully...

Token being sent...",195,128,0.15,205.14829456806183,5.803374569863081,6.008648473769426,21.30262746419268,46.94256620132364,45.694985874290545,45.37251591682434,46.429210901260376,46.83629088103771,70.43774798512459,10.083097796520217,497.3001188084539,508.83813515474276,3975.2979308964277,85.19544769874477,3057.429484193226,5468.962890625,6.090459872711831,6.458035938441753,1.7213118150830269,0.5532602322539358,39.396934181921125,40.603065818078875,0
adaptive_0.15,long,where in this code should the exploration/exploitation 'recommend\_items' functi...,908,128,0.15,544.7953045368195,5.751599058508873,6.296630438417196,20.32833294757819,49.192425300134346,45.28731333575849,45.030590146780014,46.19058519601822,46.39479070901871,88.85211497545242,49.129173927780236,502.7453518844247,553.5830457996689,4324.867545309913,88.2386374501992,3485.707856373896,5630.1455078125,6.173924059614422,6.475268013775349,0.0,0.5749839022867701,38.909880048412035,41.090119951587965,0
adaptive_0.15,medium,I am a digital marketing agency and looking to create an shared mailbox for my b...,75,128,0.15,95.30359879136086,5.759418349713087,5.854798790067434,21.862408015993616,45.74061554740183,45.34884031832687,44.98785734176636,46.497271955013275,46.69165834784508,68.26574727892876,2.9069573736377063,500.1644887087997,504.5304709148203,3941.6443040220333,86.68378540772532,2953.9243906642428,5450.7099609375,6.15208828877511,6.4866277277469635,2.104101598262787,0.5017935209481651,38.9860780748326,41.0139219251674,0
adaptive_0.15,long,Please summarize this data with the highest quality data: The consumer electroni...,286,128,0.15,168.56948286294937,5.815591741353273,5.984259217977524,21.389447772494663,46.752025140449405,45.79126823136187,45.61583697795868,46.50639668107033,47.01707735657692,72.44786992669106,8.918679450541735,529.4736063365099,540.8909386865068,4225.710458488335,90.63725104602509,3236.8315857552443,5482.60498046875,6.074457926367681,6.464025087654591,1.3468134105205536,0.5660544759391184,39.50361382421546,40.49638617578454,0
adaptive_0.15,short,Give me a pitch deck for a presentation to venture capitalists and angel investo...,18,128,0.15,77.91675254702568,5.779114987701178,5.857089012861252,21.85385943750078,45.75850791297853,45.50376596061263,45.12825608253479,45.9674634039402,46.6818492859602,76.82458683848381,3.7150482416935264,529.8213717355188,535.3742706079279,4182.611489124437,91.97778111587984,3135.734758146301,5443.94482421875,6.122161673689921,6.491283595561981,0.5930238291621208,0.7068530876431914,39.18558884206719,40.81441115793281,0
adaptive_0.15,long,You made a mistake. Xiao (Chinese: 魈 Xiāo) is a playable Anemo character in Gens...,818,128,0.15,709.3179821968079,5.737782273441553,6.447340752929449,19.85314642193236,50.36984963226132,45.17857929853004,45.20811885595322,46.23190686106682,46.48209549486637,60.19051373004913,56.203427308849996,502.2048259538636,560.168994685065,4376.32027097707,87.19710505836575,3611.600387960539,5599.2216796875,6.182541445777641,6.480340741574764,3.5156638249754906,0.28798533553083655,38.78305702814906,41.21694297185094,0
adaptive_0.15,long,Write a 500-800 word linkedin article about putting the human in the center of c...,367,128,0.15,274.30134639143944,5.81697304174304,6.091369122266769,21.013338287463295,47.588821267709136,45.801490281275875,45.548226684331894,46.50980234146118,46.74013294279575,78.08565348386765,17.36361975697987,500.8242577087898,520.3012891773955,4064.853821698402,85.88741322314047,3169.34720717078,5494.576171875,6.072267957266391,6.454696588218212,0.37170694023370743,0.7251720666179138,39.51821361822406,40.48178638177594,0
adaptive_0.15,short,can please write another email when the cart is about to close?Share Prompt,15,128,0.15,82.17251673340797,5.987826466560364,6.070083063095808,21.087026103184595,47.422523930436,47.147199570194005,45.50881311297417,52.47424393892288,52.80044563114643,82.8174315392971,2.862300543121994,529.6921179506835,533.9851732851919,4171.759166290562,88.30278512396694,3241.3343563027233,5443.58935546875,5.836967402966473,6.484241120517254,0.0,1.0379274214714957,41.107837345421785,38.892162654578215,0
adaptive_0.15,medium,"When I ask you anything, you'll answer me in this format:

A: [Answer as you nor...",177,128,0.15,192.28704273700714,6.65515760332346,6.847560677677393,18.692787990513434,53.49656779435463,52.40191117398382,52.77577415108681,53.46112102270126,53.710879385471344,133.21712613105774,11.463517683643847,597.4134187892527,611.4510912340209,4776.961650265788,89.5578021978022,4186.948448657014,5465.99658203125,4.990362964101195,6.394353590905666,0.0,0.9688091817558453,47.17949390646041,32.82050609353959,1
adaptive_0.15,medium,E0129 00:14:33.428052 22066 memcache.go:238] couldn't get current server API gro...,84,128,0.15,149.97373521327972,5.827428516000509,5.977484330534935,21.413690596583308,46.69909633230418,45.88437364913347,45.89664191007614,46.774789690971375,47.11379446089268,59.326812624931335,5.75252491085045,500.1629288144819,507.35900220269906,3963.7422047085865,85.31646638655464,3032.730485622473,5451.77734375,6.060076177706868,6.3771544843912125,3.682308353483677,0.3601815101656967,39.599492148620875,40.400507851379125,0
adaptive_0.15,short,list me all the msal libraries,7,128,0.15,79.03840765357018,5.869734112173319,5.948840908706188,21.5167966271666,46.475319599267095,46.21734769325557,45.80088332295418,46.8125082552433,47.13226966559886,75.72632282972336,5.029133736845106,518.7650350433606,526.7027557522711,4114.8652793146175,88.71844303797467,3133.2709001473936,5442.64013671875,6.000650393798596,6.405275769531727,0.7925863265991211,0.7174675429662694,39.9956640413427,40.0043359586573,0
adaptive_0.15,medium,"I want you to act as an English editor, spelling corrector and improver. I will ...",175,128,0.15,133.9252106845379,5.8369462713599205,5.970953818410635,21.437111036653672,46.648076706333086,45.959338545799255,45.5118753015995,46.389276534318924,46.571043878793716,76.52555033564568,7.238320234850049,499.1835574957952,508.951832261242,3976.186189540953,85.37655042016806,3038.927886227352,5465.76904296875,6.04167152471899,6.401056319475174,0.6468781158328056,0.691315966800517,39.72218983520673,40.27781016479327,0
adaptive_0.15,long,"Good evening, here is some code:
export class Body extends React.Component{
 ren...",342,128,0.15,370.5543763935566,5.956265814602375,6.326957736164331,20.230892213545747,49.42935731378384,46.898896270614905,45.99208012223244,46.98467403650284,47.3409179598093,150.87048709392548,24.147077016571536,505.74351793558714,531.3336628907845,4151.0442413342535,84.34550793650793,3361.7256289113798,5490.7060546875,5.978966161784694,6.393175654113293,0.0,0.74791744700853,40.69799706926496,39.30200293073504,1
adaptive_0.15,long,"I have a model.pth now and template with index.html, style.css, main.js and have...",280,128,0.15,213.18278461694717,6.153025671839714,6.366335768252611,20.105757009912246,49.736998189473525,48.44792542143131,46.043939888477325,47.00191393494606,47.15379551053047,320.06677612662315,13.825277502916753,583.8403686118704,600.1819474802818,4688.921464689702,94.6816166007905,3820.9597997032283,5481.88134765625,5.949265121181649,6.3877676501870155,0.0,0.8946156169964319,42.27297131236144,37.72702868763856,1
adaptive_0.15,short,You can only get answer from the choices I give. But try to explain your choice....,56,128,0.15,137.9336640238762,5.8557056821882725,5.993709448724985,21.35572321198,46.825855068163946,46.10686391357362,45.38372904062271,46.39267846941948,46.737438440322876,106.98958113789558,5.749805372249335,514.5716225563269,521.7738684102167,4076.3583469548175,87.37194979079499,3127.3609651881025,5448.68017578125,6.053948898777717,6.426787085831165,0.0,0.7766468853920115,39.851840614803194,40.148159385196806,1
adaptive_0.15,long,I writing this piece of content that could start on Twitter and graduate to long...,327,128,0.15,571.7145353555679,6.102200984954834,6.674037329852581,19.17879593322972,52.14091663947329,48.0480103159514,45.96244916319847,52.969180792570114,53.135864809155464,76.83807611465454,32.42430173460953,514.9287249485049,549.7969305207655,4295.28851969348,82.67684962406015,3669.365238133955,5489.2685546875,5.676697285332549,6.420870579779148,0.5956982150673866,0.9104318755151644,42.155351431116344,37.844648568883656,0
adaptive_0.15,short,"I want to improve my English listening ability.
Can you give me 20 TV shows from...",45,128,0.15,112.5783622264862,5.824630826711655,5.937279507517815,21.558695331409904,46.38499615248293,45.86241502813467,45.768190175294876,47.01244905591011,48.02857004106044,60.473598539829254,4.328823733270168,498.7959298959132,504.93893145435305,3944.835401987133,85.28172151898734,2997.963570271873,5447.94384765625,6.0653216695104994,6.420105591416359,3.4864109829068184,0.3405319938086288,39.56452220326334,40.43547779673666,0
adaptive_0.15,short,Let's update the outline so that we consider the following principals as themati...,62,128,0.15,101.59270837903023,5.81689540296793,5.918554853647947,21.62690101978293,46.23870979412459,45.80145684166217,45.63617333769798,46.75830230116844,46.98493294417858,80.35635948181152,4.356857314061374,538.3948536892647,544.4087045954391,4253.193004651867,92.36154661016951,3222.1127809515274,5449.16552734375,6.074586490770494,6.459104910492897,0.0,0.5942473642378089,39.50424729956416,40.49575270043584,0
adaptive_0.15,short,"Suggest a study plan which I can follow
and some online lecture materials which ...",24,128,0.15,90.72420746088028,5.7479487881064415,5.838744610548019,21.922520770776792,45.6151922699064,45.2584477332164,45.33935338258743,46.29581645131111,46.62423953413963,60.63827872276306,4.352622845519335,517.9429372963067,525.5214683878738,4105.636471780264,90.30072103004292,3068.3856412769796,5444.65673828125,6.166583278927747,6.450100511312485,3.4507130160927773,0.3008596064848212,38.88944480714836,41.11055519285164,0
adaptive_0.15,short,Write a report on Marshall AI,6,128,0.15,77.2821493446827,5.823150023818016,5.900505322962999,21.693057288138075,46.09769783564843,45.850709198028085,45.35349830985069,46.60479947924614,46.929192543029785,74.00940358638763,2.945360177658498,499.90804853715565,504.88064732388966,3944.380057217888,86.03000851063831,2979.050946995616,5442.52099609375,6.064477512862269,6.4616105407476425,1.0906909480690956,0.7170864663231505,39.57014991425154,40.42985008574846,0
adaptive_0.15,long,rewrite my generateScreenshot function so the logic is similar to this rest endp...,510,128,0.15,342.8064100444317,5.919754289090633,6.2627805583179,20.438206130342067,48.92797311185859,46.611258686762156,45.223984867334366,46.24831900000572,46.92862331867218,163.91275823116302,27.14844298420101,512.7519728292357,542.302976553103,4236.742004321117,86.84867600000001,3396.3245382747014,5518.47265625,6.074098147099882,6.436771050095558,0.0,0.8034061008105471,40.27901466671876,39.72098533328124,1
adaptive_0.15,short,can you show it in code?,7,128,0.15,81.37955889105797,5.763528410345316,5.844989538192749,21.899098221410533,45.66398076713085,45.38129739404663,45.139674097299576,46.33147940039635,46.60974070429802,67.03927740454674,2.8535422862917184,497.1014623492938,501.38428566562936,3917.0647317627295,86.15589699570816,2930.5859043298483,5442.64013671875,6.14643252811094,6.456097483634949,2.3197478502988815,0.46856108787419837,39.02378314592707,40.97621685407293,0
adaptive_0.15,short,Which party has the higher conditional probability of retweeting a MoC? Why did ...,48,128,0.15,95.09659931063652,5.7751170322299,5.870271887630224,21.804782206037213,45.86149912211113,45.47241077883037,45.50088196992874,46.42655476927757,46.81632183492184,61.04731559753418,2.855223774317652,539.1989119540956,543.4779245451745,4245.9212855091755,92.91725213675213,3190.363182005158,5448.08251953125,6.130161137679431,6.450882822275162,3.3791388273239136,0.38909428788622547,39.13225908213713,40.86774091786287,0
adaptive_0.15,long,"Web search results:

[1] ""The World Economic Forums Annual Meeting 2023 was held...",416,128,0.15,370.0089268386364,5.932827550917864,6.302977509796619,20.307862403292983,49.24201179528609,46.713988230688365,45.6872321665287,51.29871666431428,52.91421860456467,103.06641086935997,26.706949294844637,511.17160064545646,539.7413893144969,4216.729604019507,85.87698007968127,3401.9778379556556,5502.16162109375,5.951926951743956,6.429802894592285,0.0,0.7757569200430209,40.501009086220286,39.498990913779714,1
adaptive_0.2,medium,Initialization: Create an initial population of candidate solutions (often rando...,140,128,0.2,233.54721441864967,6.955071575939655,7.188707232475281,17.805704956484348,56.16177525371313,54.762540751789494,54.548364132642746,55.1358588039875,55.35893626511097,72.05985486507416,11.68987717969343,563.506935636092,577.0210414299667,4507.976886171615,80.67704895104895,4148.03533381802,5459.43505859375,6.3690906138870655,6.546512603759766,2.0376156866550446,0.4026543676906812,48.15454693056467,31.84545306943533,0
adaptive_0.2,medium,Rewrite the documents above (Month 4 and Month 11) and label the months with the...,82,128,0.2,140.93761518597603,6.95398935675621,7.095013312995434,18.04084000315425,55.42979150777683,54.75484116340247,54.4978529214859,54.996537417173386,55.26687242090702,67.7022859454155,7.2715759108942,562.9358047748656,573.8875194827523,4483.496245959002,81.31059929078015,4071.739590892054,5451.5400390625,6.372023884001679,6.545786917209625,3.1292270720005035,0.4191869760741481,48.139880579991605,31.860119420008395,0
adaptive_0.2,long,You are a partner in a commercial team at a large global law firm based in the U...,662,128,0.2,394.8481157422066,7.12377680465579,7.518860597163439,17.02385598800558,58.741098415339366,56.0914950049299,54.516393691301346,55.07683604955673,55.160919576883316,204.6894021332264,28.350774653686216,599.6506169125009,631.2657814628631,4931.763917678618,84.42077257525084,4746.399410578708,5544.6943359375,6.312571155039344,6.573533624410629,0.0,0.8134017318625483,49.54142824519337,30.458571754806623,1
adaptive_0.2,short,write some code that removes whitespace in js,8,128,0.2,106.24764114618301,6.957174502313137,7.063526663929224,18.12125954781878,55.18380206194706,54.77988409010444,54.13093417882919,55.7451605796814,59.60835069417952,79.43233847618103,3.673168755613267,584.6989451623019,590.2056023385431,4610.981268269868,83.98518861209963,4168.933009318708,5442.75830078125,6.365092538473174,6.6868234276771545,0.19348374009132385,0.682351891844646,48.174537307634125,31.82546269236587,0
adaptive_0.2,short,compile a list of all pokemon mentioned in any prompt above including the gym le...,46,128,0.2,94.06590834259987,6.947073753923178,7.04121895506978,18.17867059904992,55.00952308648266,54.700406986897384,54.186396300792694,54.73931133747101,54.99480031430721,81.74765110015869,3.2582031937539577,556.9505659973789,562.4115105100889,4393.839925860069,80.2637392857143,3960.0625883530647,5447.98974609375,6.391814016685711,6.660915523767471,0.0,0.8295648607995925,48.06556878244783,31.93443121755217,0
adaptive_0.2,medium,Write a story about a mother taking her toddler daughter to the bathroom after a...,94,128,0.2,161.134734749794,6.92624719068408,7.0874604396522045,18.06006553262415,55.37078468478285,54.53643469711927,54.2147196829319,54.87348586320877,55.01830168068409,85.2450393140316,7.1518184143155805,560.4853425549269,569.0708673159033,4445.866150905495,80.70357092198583,4033.2672594600335,5453.6142578125,6.436408871271479,6.625192224979401,0.0,0.5816396614978232,47.858053275684675,32.141946724315325,0
adaptive_0.2,long,"Act as the prompt generator and I will give you the main keywords by: Product, F...",408,128,0.2,376.6740821301937,7.003051899373531,7.37987270578742,17.344472608534325,57.65525551396422,55.14121064402926,54.390277713537216,55.4221011698246,56.31147287786006,117.38591268658638,25.887147588610652,576.67022533248,604.919249467725,4725.931636466601,82.29254081632654,4464.227058352275,5500.92333984375,6.3558972461486425,6.646393597126007,0.0,0.6493930395880306,48.514596120579036,31.485403879420964,1
adaptive_0.2,long,"Tables:
CREATE TABLE `crm\_account` (
 `CustomerID` varchar(255) NOT NULL,
 `Cus...",881,128,0.2,541.9484041631222,6.8954360373318195,7.437564946711063,17.20993375077718,58.10597614618018,54.29383827828047,54.165858775377274,54.7601617872715,54.998310282826424,62.39815428853035,55.25443707780353,588.1466260151826,645.9186418486256,5046.239389442388,87.29316216216216,4804.061849040556,5620.66796875,6.4873405326539135,6.639316290616989,4.427121192216873,0.20261145659904387,47.56329733673043,32.43670266326957,0
adaptive_0.2,medium,Write me a story about Jack and Phil on a construction site. Jack is having a ba...,95,128,0.2,137.2365839779377,7.144434899091721,7.281739477068186,17.578217457944,56.8885896645952,56.254451962437216,54.20558899641037,54.86798733472824,55.07031939923763,282.7938199043274,5.685703065091744,573.6926567875278,580.803890498709,4537.530394521164,80.01997931034484,4229.262617879238,5453.697265625,6.3953478533451955,6.668681263923645,0.0,0.7857693779073923,49.61883021503922,30.381169784960786,1
adaptive_0.2,short,generate the job descriptions for the developers respectively,8,128,0.2,85.41644737124443,6.902078412473202,6.987571150064468,18.318239235219675,54.59039960987866,54.346072304201876,53.88142541050911,54.116544127464294,54.246536269783974,79.32260259985924,2.891260737266392,558.9868042039182,563.3064025716278,4400.831270090843,81.08622661870503,3936.143567256108,5442.75830078125,6.466923782909949,6.667015314102173,0.2199094593524933,0.7254598281649575,47.66538108545026,32.33461891454974,0
adaptive_0.2,short,Why do IT companies file patents on software?,9,128,0.2,89.30287137627602,6.926975708454847,7.016357563436031,18.243083942448933,54.815293464343995,54.54217501747326,54.11059409379959,54.66126501560211,54.885582998394966,86.7900475859642,2.861274971652776,555.8277879107594,560.2335891538523,4376.824915264471,80.29098566308244,3930.799180550546,5442.87744140625,6.437869683729382,6.68695455789566,0.0,0.6592474675906327,47.86295194442817,32.13704805557183,0
adaptive_0.2,medium,5. Explain the impact of the following transactions on a company's income statem...,126,128,0.2,163.79335522651672,6.926970064640045,7.090832717716694,18.051476476124943,55.39713060716167,54.54211341818486,54.179977625608444,54.91255819797516,55.01956567168236,73.12782481312752,11.247828562662006,611.4354250924644,626.273017826235,4892.757951767461,88.54470318021203,4440.7972050254375,5457.2666015625,6.443627548030042,6.653634816408157,1.7905939221382141,0.48241215100171325,47.78186225984979,32.21813774015021,0
adaptive_0.2,medium,I want you to act as a cyber security specialist. I will provide some specific i...,81,128,0.2,129.09583374857903,7.132960040122271,7.2621253579854965,17.625694089575315,56.73535435926169,56.164098918203294,54.13096398115158,54.78666052222252,55.11473231017589,267.94277876615524,5.699656585980206,574.0102439737134,581.1414919066913,4540.167905521025,80.38857093425605,4220.3223649531055,5451.421875,6.388801133773458,6.689488500356674,0.0,0.8494533741575306,49.534568519104184,30.465431480895816,1
adaptive_0.2,long,"// store/inventorySlice.ts

import {createSlice, current} from '@reduxjs/toolkit...",699,128,0.2,599.0341864526272,6.898359943181276,7.497619032859802,17.072086410234316,58.575148694217205,54.31667800376734,54.20093983411789,54.71019744873047,54.9044381827116,65.3211958706379,39.687350977467375,559.5233696892112,601.1363752221782,4696.377931423267,80.38379598662208,4507.091528210155,5557.44921875,6.481490688765143,6.646345168352127,3.698918581008911,0.26049055885727146,47.592546556174284,32.407453443825716,0
adaptive_0.2,medium,Create a powershell script that allows me to choose several different .csv files...,84,128,0.2,135.8712576329708,6.923375431448221,7.059314664453268,18.13207174976006,55.15089581604116,54.51382717161667,54.176200181245804,54.90966588258743,55.03535084426403,77.54355296492577,7.241157790146768,562.4466945016608,572.1887666975838,4470.224739824874,81.2295871886121,4039.260551583683,5451.77734375,6.431143677844776,6.6595200300216675,0.6736930310726166,0.561133017772418,47.84428161077612,32.15571838922388,0
adaptive_0.2,long,"please implement and modify this code with the code you have provided

php
 $jso...",802,128,0.2,585.1782187819481,6.877086903899908,7.462494555860758,17.152441323990473,58.30073871766217,54.148646203551706,53.99100482463837,54.60554361343384,54.760441556572914,65.07328152656555,63.95761448957585,591.8053466624058,659.6831013846341,5153.774229567454,88.74971717171718,4922.881552676173,5592.9580078125,6.521027570165049,6.656764805316925,3.7602823078632355,0.2588007233072724,47.394862149174756,32.605137850825244,0
adaptive_0.2,short,can you write me a rap song about rainbows and unicorns in the style of Joyner L...,20,128,0.2,97.1478559076786,7.236005771905184,7.3332470543682575,17.454750815159453,57.29099261225201,56.97521074550358,54.10902574658394,54.69018965959549,54.91370186209679,404.3373577296734,2.894519010856748,574.3213921806924,578.6609886724092,4520.788974003197,79.2288595890411,4243.463990659769,5444.18212890625,6.4550163267165654,6.678733587265015,0.0,0.6302704915327173,50.2775235497576,29.722476450242397,1
adaptive_0.2,medium,"we currently named our business ""muscles and meows"" because we jokingly admit to...",143,128,0.2,180.65061047673225,6.917175117880106,7.097911577671766,18.033473451917267,55.452434200560674,54.46446862981075,54.138027131557465,54.895706474781036,55.41229583323002,75.65506547689438,9.392366616260261,561.8551399051807,573.1781367918364,4477.954193686222,80.99642756183746,4068.367733203107,5459.89990234375,6.442743433976736,6.655817091464996,1.1480931043624878,0.5075888557459336,47.78628283011632,32.21371716988368,0
adaptive_0.2,long,"Web search results:

[1] ""Writing a summary is a great way to process the inform...",364,128,0.2,287.4961048364639,6.953978553414345,7.241573240607977,17.675717105535146,56.57479094224982,54.754615211346014,54.13537845015526,54.78414371609688,55.107422918081284,95.46204283833504,17.398121217384936,561.3013682005089,580.923013729373,4538.4610447607265,80.39658823529412,4206.796551075968,5494.111328125,6.398578190428066,6.6356289982795715,0.0,0.7204446293505751,48.12866681086736,31.871333189132645,0
adaptive_0.2,short,Write a business proposal for the need of an IT intern for a semi-conductor manu...,18,128,0.2,96.39272093772888,6.925869654864073,7.022351074963808,18.227513639462934,54.86211777315475,54.53346352877579,54.05207723379135,54.709721356630325,55.01927211880684,79.28227633237839,5.002853936195374,607.3911275649127,616.7729519766626,4818.538687317677,88.15375357142857,4331.196202321918,5443.94482421875,6.427399737628426,6.681042522192001,0.230051189661026,0.6593191546894938,47.86300131185787,32.13699868814213,0
adaptive_0.2,medium,"async get\_file\_type(file\_name: string): Promise {
 const file\_type\_extensio...",201,128,0.2,207.6319232583046,7.085117772221565,7.292879868298769,17.551365484079874,56.97562397108413,55.78735989965792,54.27172780036926,58.50213840603829,60.43428853154182,84.32438969612122,11.51975008101575,562.3528664203677,575.9174686016329,4499.355223450257,79.1421030927835,4200.096912566437,5469.7578125,6.130414919590387,6.628513693809509,0.0,1.0924517471820305,49.40912978151652,30.59087021848348,0
adaptive_0.2,short,"now a similar, more gracile, closely-related one",11,128,0.2,87.42824196815491,6.947615392506123,7.035120464861393,18.194429027807967,54.96187863172963,54.70468180151436,54.11070957779884,54.782240837812424,55.02127297222614,89.01472017168999,2.854660861659795,559.4977713566645,563.7753842021041,4404.495189078938,80.53703928571429,3966.227742985317,5443.11474609375,6.400967046031802,6.749368816614151,0.0,0.8475726102816481,48.06499379709011,31.93500620290989,0
adaptive_0.2,long,covert this into instagram text video reel which will have a bacground song'How ...,368,128,0.2,278.84725853800774,7.032612305134535,7.3115698881447315,17.50650023978356,57.121639751130715,55.37395918463159,54.3026328086853,55.02426475286484,55.198412016034126,104.7375351190567,18.402653524383904,566.4334451718423,586.6664062879997,4583.331299124998,80.5883058419244,4289.452430601422,5494.73046875,6.302236718690302,6.595332533121109,0.0,0.9796143474224485,48.83048011679349,31.16951988320651,1
adaptive_0.2,medium,"Now I get this:
UDP server listening on 0.0.0.0:50055
Received 8 bytes from 10.1...",171,128,0.2,189.9324245750904,6.979343667626381,7.1693605445325375,17.853754069826316,56.01062925416045,54.95452828059985,54.15155366063118,54.90714684128761,59.580623358488076,78.29375937581062,11.67656727591902,618.025997756768,632.9463879484832,4944.893655847525,88.68848771929825,4537.82086056224,5465.31396484375,6.336400851255327,6.634051710367203,0.44682881236076355,0.8198512509109727,48.317995743723365,31.682004256276635,0
adaptive_0.2,long,Below is some data from a file. What file format do you think this data is from?...,972,128,0.2,647.3927982151508,6.911275506019592,7.558901336044073,16.9336778335287,59.05391668784432,54.41845296405432,53.99266630411148,54.57526966929436,54.80046421289444,104.80238869786263,48.94706119181029,557.813973886814,608.7131207219697,4755.571255640389,80.85674086378738,4601.202421492854,5651.646484375,6.500340449528431,6.665379166603088,0.0,0.5842740414157042,47.69318374827152,32.30681625172848,1
adaptive_0.2,medium,Please write a program which asks for tomorrow's weather forecast and then sugge...,253,128,0.2,215.2179777622223,7.061229057610035,7.276594486087561,17.590646317412464,56.84839442255907,55.59929466153693,54.37585338950157,60.808902978897095,61.92216835916042,81.76305517554283,12.608331414608283,570.462411579674,584.835121373523,4569.024385730648,80.6439,4255.608019456927,5478.6240234375,6.166463353971797,6.627098083496094,0.0,0.8690739011070421,49.18127897100186,30.81872102899814,0
adaptive_0.2,short,"the last response got cut, could you generate again the javascript file?",14,128,0.2,85.31473577022552,6.867482803761959,6.952866572886705,18.40967299719901,54.319270100677386,54.07351669012092,53.89200523495674,54.60149571299553,54.927246645092964,61.24480813741684,2.915946953549981,552.9705857035872,557.3476265198235,4354.278332186122,80.41421299638989,3875.1636819074247,5443.47021484375,6.552515325349147,6.688189119100571,5.7406525909900665,0.1433306456958937,47.237423373254266,32.762576626745734,0
adaptive_0.2,long,"You are AdventBot, a chatbot that solves small coding puzzles from Advent of Cod...",420,128,0.2,352.5878041982651,6.920447614043951,7.273196041584015,17.598865652481866,56.821844074875116,54.49077205395135,54.02246490120888,54.54821437597275,54.68052215874195,95.17332911491394,27.436440699987116,613.2608877352811,642.9781016593911,5023.266419213993,88.63284482758621,4676.5057838142875,5502.78076171875,6.462012621361439,6.659939497709274,0.0,0.6136347053088065,47.808214875422124,32.191785124577876,0
adaptive_0.2,medium,"having this documentation site structure, how would you organize this better for...",211,128,0.2,180.4371252655983,7.23729033395648,7.417816285043955,17.25575224316054,57.9516897269059,56.98556133259938,54.12809178233147,54.95602861046791,55.51651120185852,355.8116406202316,10.865987368389964,578.9294816749227,592.0714368503225,4625.558100393145,80.23668135593219,4391.877146177696,5471.234375,6.3546142268368575,6.650799870491028,0.0,0.8491791568309971,50.39747701737824,29.602522982621757,1
adaptive_0.2,long,Please make the following this to a dialogue for me as a chairman and Dr.Hasan a...,445,128,0.2,385.9695829451084,7.022081702947617,7.408191986382008,17.278169928005912,57.876499893609434,55.291010169532356,54.34916913509369,54.9344003200531,55.17830997705459,86.1448235809803,22.73052373995445,568.9297160586119,593.3173993609305,4635.29218250727,80.42885762711865,4395.409203326659,5506.65087890625,6.285881409494896,6.643496811389923,0.0,1.0410616187709685,48.64976340978164,31.350236590218355,0
adaptive_0.2,short,I have significant teeth overbite which makes it difficult for me to quickly and...,29,128,0.2,78.93865928053856,6.9882261753082275,7.067237351089716,18.111744892827655,55.212791805388406,55.02433233021751,54.22057583928108,54.89973500370979,55.23517616093159,132.59514421224594,4.331438983028755,564.8619661761634,570.6381000054646,4458.110156292692,80.94109608540926,4032.834894313488,5445.40478515625,6.416908589873727,6.613570064306259,0.0,0.5938647225858535,48.32839687156865,31.67160312843135,1
adaptive_0.2,medium,You are a professional developer that builds very robust SAAS. You are also an e...,201,128,0.2,160.93366965651512,6.924961015582085,7.085983894765377,18.06382880640716,55.35924917785451,54.52627099053127,54.29482460021973,54.83388379216194,55.1618218421936,71.59287855029106,9.742522905537857,609.1852002220173,621.1096327690593,4852.419006008276,88.15381205673759,4401.172854685192,5469.7578125,6.425483923493408,6.580110996961594,2.122390627861023,0.40699792886289754,47.87258038253296,32.12741961746704,0
adaptive_0.2,medium,"cs3492 Based on the syllabus outlined below, Write multiple choice questions and...",129,128,0.2,204.623244702816,6.917701456695795,7.1224057003855705,17.971455907527247,55.64379453426227,54.46914935440529,54.292965680360794,54.906124621629715,55.048735439777374,66.53653085231781,10.130107677152381,558.6925351430532,570.7421262216084,4458.922861106315,80.38248943661972,4065.0569732509643,5457.73291015625,6.443053061333228,6.654947608709335,3.4844402074813843,0.3287339384873779,47.78473469333386,32.21526530666614,0
adaptive_0.2,medium,"hi could you pleasse help me, i need to send an email this is the information , ...",151,128,0.2,144.0877728164196,6.890173394232988,7.034335188567638,18.196460158456553,54.955743660684675,54.2523911384147,53.89174073934555,54.22099232673645,54.47320751845836,83.61425995826721,8.521196257313713,556.7709076028727,567.3741598616111,4432.610623918837,81.04901071428571,3991.1000177985316,5463.07275390625,6.496608717704382,6.659815818071365,0.0,0.6172920641940702,47.544208186583255,32.455791813416745,0
adaptive_0.2,long,I am a product designer. My company is a one-to-one online tutoring platform. We...,964,128,0.2,577.702734619379,6.910686403512955,7.488638088107109,17.092560555607562,58.50498506333679,54.41387423028157,54.177310317754745,54.753466695547104,54.913414642214775,70.64436376094818,38.77097609459609,562.6619599090106,603.3359625097252,4713.562207107228,80.87770469798657,4518.164668775091,5649.208984375,6.468564635421347,6.632884204387665,2.3660424947738647,0.3745296231722319,47.65717682289326,32.34282317710674,0
adaptive_0.2,short,I wrote a script to run on a website. I run it in the chrome console. What's the...,29,128,0.2,347.45701029896736,6.921688828617334,7.269214291125536,17.60850552394171,56.79073664941825,54.50050518151343,54.09589782357216,54.84515354037285,55.040235817432404,85.34705266356468,17.376272853840145,612.9514047872163,632.298611479871,4939.832902186493,87.14105172413794,4596.314102828312,5445.40478515625,6.444661503936362,6.697153657674789,0.0,0.6168710017485656,47.817619854775,32.182380145225,0
adaptive_0.2,medium,"Okay so the browser console says it has posted successfully...

Token being sent...",195,128,0.2,200.53699240088463,7.065761812031269,7.266396015882492,17.61533499140765,56.76871887408197,55.63467506348618,54.29961532354355,54.823075234889984,55.04044592380524,206.80039376020432,9.867093307930977,574.27958425482,586.0492026954182,4578.509396057955,81.08706228373703,4258.465591577098,5468.962890625,6.396858385228735,6.569724142551422,0.0,0.6168322778762917,49.01294771024561,30.987052289754388,1
adaptive_0.2,long,where in this code should the exploration/exploitation 'recommend\_items' functi...,908,128,0.2,634.9634304642677,6.955886546522379,7.59109590947628,16.861860464733727,59.30543679278344,54.76978673474995,54.28504943847656,54.945652186870575,55.098624154925346,105.07788881659508,50.664046216012906,566.2093333288021,619.0090779222492,4836.008421267572,81.93279801324503,4698.957279344269,5630.1455078125,6.4152372075816775,6.600122511386871,0.0,0.5780786413358575,48.120856901088096,31.8791430989119,1
adaptive_0.2,medium,I am a digital marketing agency and looking to create an shared mailbox for my b...,75,128,0.2,143.06576550006866,6.969675783067942,7.112836852669716,17.995632776528083,55.569037911482155,54.87836994172081,54.32019382715225,54.97457757592201,55.19230291247368,100.72913393378258,5.720530772387981,571.2529795072824,579.373794749707,4526.357771482086,81.87902473498232,4120.991278766816,5450.7099609375,6.380503768291999,6.620856732130051,0.0,0.6598842529770658,48.2595268431611,31.740473156838906,1
adaptive_0.2,long,Please summarize this data with the highest quality data: The consumer electroni...,286,128,0.2,261.7502771317959,6.98877414688468,7.250650200992823,17.653589188797593,56.64570469525643,55.028456578573845,54.40613999962807,54.98321205377579,57.77289122343059,72.45302945375443,28.23158457579836,605.8980055848732,636.9854506578856,4976.448833264732,88.18728373702422,4618.558685842102,5482.60498046875,6.304129382991415,6.602705627679825,1.9417520463466644,0.6909877166456768,48.47935308504292,31.520646914957076,0
adaptive_0.2,short,Give me a pitch deck for a presentation to venture capitalists and angel investo...,18,128,0.2,135.48099249601364,6.875573672354221,7.011129688471556,18.256686965935206,54.77445069118403,54.13740016813353,53.83356288075447,54.117921739816666,54.18682396411896,78.84597033262253,5.798873848568648,561.5353950072881,568.7873536353502,4443.651200276174,81.54853405017921,3987.8419014999736,5443.94482421875,6.519158084561505,6.70470929145813,0.33852419257164,0.6236550630934977,47.404209577192475,32.595790422807525,0
adaptive_0.2,long,You made a mistake. Xiao (Chinese: 魈 Xiāo) is a playable Anemo character in Gens...,818,128,0.2,578.8193717598915,6.9141104109585285,7.49312200024724,17.08233230364814,58.54001562693156,54.440875955688675,54.18965220451355,55.10372966527939,55.233804136514664,63.216883689165115,45.71136740579084,558.1627619208787,605.5984450708311,4731.237852115868,81.02728187919462,4537.823032075764,5599.2216796875,6.450855761062442,6.657138824462891,4.222145289182663,0.30042881704403956,47.74572119468779,32.25427880531221,0
adaptive_0.2,long,Write a 500-800 word linkedin article about putting the human in the center of c...,367,128,0.2,319.42469999194145,7.125018332153559,7.444567423313856,17.193745817809035,58.1606829946395,56.10064959784192,54.27064746618271,60.953788459300995,61.40253469347954,99.64775666594505,24.177801202632487,574.7127627794296,601.1735807844364,4696.668599878409,80.92094612794612,4475.4772552647555,5494.576171875,6.075955965387539,6.636611729860306,0.0,1.0717395029540853,49.7746600468797,30.2253399531203,0
adaptive_0.2,short,can please write another email when the cart is about to close?Share Prompt,15,128,0.2,90.79113602638245,6.866431754082441,6.957318060100079,18.397893972114705,54.354047344531864,54.06540872778479,53.84429916739464,54.142289608716965,54.64907102286815,71.42629101872444,3.950371032519266,604.7030015871264,611.0583475629669,4773.893340335679,88.27126714801446,4251.3272772747405,5443.58935546875,6.537591900412492,6.6952135264873505,2.1949749290943146,0.41878154483951685,47.31204049793754,32.68795950206246,0
adaptive_0.2,medium,"When I ask you anything, you'll answer me in this format:

A: [Answer as you nor...",177,128,0.2,191.5103644132614,7.611716270446777,7.8033275082707405,16.403258720633332,60.96349615836516,59.93382920195737,54.65095862746239,60.09581983089447,60.793325677514076,338.78960460424423,9.344818017832935,608.1879573584608,620.4854646057227,4847.5426922322085,79.75416720257235,4841.851294439986,5465.99658203125,6.031725658441153,6.641453117132187,0.0,1.217466540311439,53.65299723866418,26.347002761335823,2
adaptive_0.2,medium,E0129 00:14:33.428052 22066 memcache.go:238] couldn't get current server API gro...,84,128,0.2,148.9197090268135,6.917735908180475,7.0667438842356205,18.11300962605145,55.208936595590785,54.46934943476061,54.084472358226776,54.69977706670761,54.779043421149254,86.66250109672546,5.829491201322526,562.2613201691843,569.5580377702266,4449.672170079895,80.77983333333333,4024.9207801299895,5451.77734375,6.454599657396632,6.66263884305954,0.0,0.60981128920774,47.77813195360927,32.22186804639073,0
adaptive_0.2,short,list me all the msal libraries,7,128,0.2,107.54012316465378,6.9149465300142765,7.022564969956875,18.226958461416135,54.863788827788085,54.44745825031611,54.06787991523743,54.75187599658966,55.04246763885021,76.72388106584549,4.269531441099942,562.3706689604576,568.0579373193887,4437.9526353077235,81.14242857142858,3989.2237715250967,5442.64013671875,6.459297268878757,6.675779432058334,0.878193587064743,0.5398836955062323,47.703513655606216,32.296486344393784,0
adaptive_0.2,medium,"I want you to act as an English editor, spelling corrector and improver. I will ...",175,128,0.2,130.60642778873444,6.881609197705984,7.012289892882109,18.253666342278237,54.783514788141474,54.184717104190916,53.977467119693756,54.70309257507324,55.01429103314876,61.7910698056221,6.2515205950737,614.4001290582735,624.0771504149009,4875.602737616413,89.5488064516129,4376.209894233077,5465.76904296875,6.510685143508311,6.673144161701202,4.609308749437332,0.25473731678775713,47.44657428245845,32.55342571754155,0
adaptive_0.2,long,"Good evening, here is some code:
export class Body extends React.Component{
 ren...",342,128,0.2,317.87166371941566,6.953521154820919,7.27153879404068,17.602876588501623,56.80889682844281,54.751200117464144,53.94195020198822,54.518819600343704,54.78596389293671,91.17436781525612,21.796618137478827,566.2236014247742,590.6364369062223,4614.347163329862,81.44572068965516,4294.835764137556,5490.7060546875,6.4010932044250755,6.652183443307877,0.0,0.9459382657648772,48.1295629338486,31.8704370661514,0
adaptive_0.2,long,"I have a model.pth now and template with index.html, style.css, main.js and have...",280,128,0.2,255.9574954211712,6.909915193915367,7.166020214557648,17.862076322359542,55.98453292623162,54.40739357448,54.03507500886917,54.706697165966034,55.01053407788276,69.34883818030357,15.446299219075591,559.9956822268534,577.8701312608327,4514.610400475256,81.01751578947368,4141.029042004208,5481.88134765625,6.456773692697991,6.660087019205093,2.7154620587825775,0.4839891359402376,47.71613153651005,32.28386846348995,0
adaptive_0.2,short,You can only get answer from the choices I give. But try to explain your choice....,56,128,0.2,133.35458934307098,6.910285785794258,7.043727945536375,18.17219531897365,55.02912457450293,54.410473480233996,54.039303213357925,54.70258519053459,54.829076305031776,86.12371608614922,5.91074349122867,557.5656523565166,565.3289441554472,4416.632376214431,80.45893950177935,3982.023282368296,5448.68017578125,6.4681451883841685,6.686929225921631,0.0,0.6198768587682656,47.706347486869554,32.293652513130446,0
adaptive_0.2,long,I writing this piece of content that could start on Twitter and graduate to long...,327,128,0.2,354.53612729907036,6.966038022190332,7.320777431130409,17.48448183326827,57.19357368070632,54.84975991755959,53.926728665828705,54.67405915260315,55.05169443786144,99.78418424725533,22.73923010068014,626.2652455043718,651.3408806786687,5088.600630302099,88.95700684931506,4768.321619245003,5489.2685546875,6.3900935485607055,6.662531554698944,0.0,0.9669616760730256,48.243907727594454,31.75609227240555,0
adaptive_0.2,short,"I want to improve my English listening ability.
Can you give me 20 TV shows from...",45,128,0.2,96.48249670863152,7.03117099404335,7.127727884799242,17.958036848316805,55.68537409999408,55.36224490662259,54.11730706691742,60.812462121248245,61.454913392663,74.09078627824783,2.8408023078143594,564.8095307902397,569.0707571909129,4445.865290554007,80.2458551236749,4056.1815044534887,5447.94384765625,6.2456475935113716,6.694446116685867,1.5284586548805237,0.7224244426720074,48.77176203244314,31.228237967556854,0
adaptive_0.2,short,Let's update the outline so that we consider the following principals as themati...,62,128,0.2,115.95357209444046,6.920015636831522,7.036066081374884,18.191983776108614,54.96926626074128,54.48734179491133,53.831491619348526,54.369720816612244,59.77236032485961,79.15766909718513,4.375318933501839,561.532274267666,567.3653891108111,4432.542102428211,81.051625,3992.0203700686407,5449.16552734375,6.432148679034916,6.6967103481292725,0.2628940939903259,0.707735291751918,47.839256604825415,32.160743395174585,0
adaptive_0.2,short,"Suggest a study plan which I can follow
and some online lecture materials which ...",24,128,0.2,123.79063665866852,6.894792787730694,7.01866340637207,18.237090538319872,54.8333078622818,54.288712220163795,54.09062281250954,54.71694618463516,54.82867807149887,65.88223949074745,4.689946441367269,561.1787839496154,568.0450060767475,4437.85160997459,81.31267741935484,3986.916697323268,5444.65673828125,6.48866894770795,6.6896814703941345,3.5806644558906555,0.32500999692984583,47.55665526146025,32.44334473853975,0
adaptive_0.2,short,Write a report on Marshall AI,6,128,0.2,86.4214114844799,6.955896493047476,7.042394906282425,18.17563509337043,55.018710205331445,54.76983756882938,54.02502417564392,54.65569794178009,54.844850674271584,86.38089522719383,2.8583098357543344,619.1530217723046,623.4381744322422,4870.610737751893,88.67648754448399,4390.497824003637,5442.52099609375,6.382091255403879,6.6927600502967834,0.0,1.0029953463038437,48.14639623005559,31.85360376994441,0
adaptive_0.2,long,rewrite my generateScreenshot function so the logic is similar to this rest endp...,510,128,0.2,418.1767962872982,6.983432795852423,7.40184236690402,17.292991887037275,57.82689349143766,54.98664518158267,54.129090160131454,54.830336570739746,54.95896898210049,112.94622719287872,33.44989683775976,570.1088290719912,606.3278105271031,4736.936019742993,82.31717006802721,4487.942876191665,5518.47265625,6.405264156775211,6.660583972930908,0.0,0.8148531868484394,48.30858334312289,31.691416656877113,1
adaptive_0.2,short,can you show it in code?,7,128,0.2,81.5545879304409,6.944034043699503,7.0256668366491795,18.21891116901414,54.888022161321715,54.676465132809064,54.39694970846176,55.01810386776924,55.2754282951355,69.41567361354828,2.921095968335867,555.8880321279634,560.2736971180141,4377.138258734485,80.02275000000002,3936.2963332888585,5442.64013671875,6.392761319641053,6.675707906484604,2.7056116461753845,0.46746835765209743,48.03619340179473,31.963806598205267,0
adaptive_0.2,short,Which party has the higher conditional probability of retweeting a MoC? Why did ...,48,128,0.2,93.58683601021767,6.978074159473181,7.071740884333849,18.1002106968541,55.247975658858195,54.944498273800676,54.4595867395401,55.105431377887726,55.25687262415885,84.69587564468384,3.48892547589913,564.5518352043946,569.8956237556096,4452.3095605907,80.9702206405694,4030.154182315485,5448.08251953125,6.33381888199979,6.585724264383316,0.0,0.6593795150452011,48.36648599955979,31.633514000440208,0
adaptive_0.2,long,"Web search results:

[1] ""The World Economic Forums Annual Meeting 2023 was held...",416,128,0.2,348.81027042865753,7.104247439652681,7.453212644904852,17.173802237817952,58.228223788319156,55.93790351523189,54.56679314374924,61.27333864569664,62.547188624739654,71.8257762491703,24.77634314370714,640.2679199541118,667.7267235564794,5216.615027784996,89.84528282828282,4976.709259352039,5502.16162109375,6.078262890887073,6.5776746571063995,2.0964126884937286,0.7580322147853197,49.60868554556463,30.391314454435364,0
